-- Generated by Craft v2.3.2625 on Apr 2, 2015 12:42:59 PM.

--
-- Disable foreign key checks and autocommit.
--

SET FOREIGN_KEY_CHECKS = 0;
SET SQL_MODE = "NO_AUTO_VALUE_ON_ZERO";
SET AUTOCOMMIT = 0;
SET NAMES utf8;


DROP TABLE IF EXISTS `craft_assetfiles`;


--
-- Schema for table `craft_assetfiles`
--
CREATE TABLE `craft_assetfiles` (
  `id` int(11) NOT NULL,
  `sourceId` int(11) DEFAULT NULL,
  `folderId` int(11) NOT NULL,
  `filename` varchar(255) COLLATE utf8_unicode_ci NOT NULL,
  `kind` varchar(50) COLLATE utf8_unicode_ci NOT NULL DEFAULT 'unknown',
  `width` smallint(6) unsigned DEFAULT NULL,
  `height` smallint(6) unsigned DEFAULT NULL,
  `size` int(11) unsigned DEFAULT NULL,
  `dateModified` datetime DEFAULT NULL,
  `dateCreated` datetime NOT NULL,
  `dateUpdated` datetime NOT NULL,
  `uid` char(36) COLLATE utf8_unicode_ci NOT NULL DEFAULT '0',
  PRIMARY KEY (`id`),
  UNIQUE KEY `craft_assetfiles_filename_folderId_unq_idx` (`filename`,`folderId`),
  KEY `craft_assetfiles_sourceId_fk` (`sourceId`),
  KEY `craft_assetfiles_folderId_fk` (`folderId`)
) ENGINE=InnoDB DEFAULT CHARSET=utf8 COLLATE=utf8_unicode_ci;

--
-- Data for table `craft_assetfiles`
--

INSERT INTO `craft_assetfiles` (`id`, `sourceId`, `folderId`, `filename`, `kind`, `width`, `height`, `size`, `dateModified`, `dateCreated`, `dateUpdated`, `uid`) VALUES ('8', '4', '13', 'weebeastie-company-photo.jpg', 'image', '924', '520', '121993', '2015-01-27 22:53:23', '2015-01-27 22:53:25', '2015-03-31 12:25:11', '10104b90-91e8-4b40-90cb-163506905e85');
INSERT INTO `craft_assetfiles` (`id`, `sourceId`, `folderId`, `filename`, `kind`, `width`, `height`, `size`, `dateModified`, `dateCreated`, `dateUpdated`, `uid`) VALUES ('19', '1', '1', '2940_ABC_Lexus_V.3_DirectorCut_Final-Website Reel.mp4', 'video', NULL, NULL, '11900150', '2014-09-23 15:22:10', '2015-02-06 14:22:06', '2015-02-17 14:55:08', 'c4ca4288-8bc8-4953-8049-2ff5f4a0493d');
INSERT INTO `craft_assetfiles` (`id`, `sourceId`, `folderId`, `filename`, `kind`, `width`, `height`, `size`, `dateModified`, `dateCreated`, `dateUpdated`, `uid`) VALUES ('20', '1', '1', 'ABC_Nashville_Samsung-FTP Reel.mov', 'video', NULL, NULL, '17253905', '2013-03-01 20:55:26', '2015-02-06 14:22:06', '2015-02-17 14:55:09', 'aa26c29e-66ad-4760-a7bd-fd467bea0f06');
INSERT INTO `craft_assetfiles` (`id`, `sourceId`, `folderId`, `filename`, `kind`, `width`, `height`, `size`, `dateModified`, `dateCreated`, `dateUpdated`, `uid`) VALUES ('21', '1', '1', '2942_TWD_DISH_Sundays_WB-Website Reel.mp4', 'video', NULL, NULL, '12564204', '2014-10-06 18:25:02', '2015-02-06 14:22:07', '2015-02-17 14:55:08', '1dbbd34f-6f0c-4f30-9a19-268dc5cd6e78');
INSERT INTO `craft_assetfiles` (`id`, `sourceId`, `folderId`, `filename`, `kind`, `width`, `height`, `size`, `dateModified`, `dateCreated`, `dateUpdated`, `uid`) VALUES ('22', '1', '1', 'AE_ShippingWars_Wendys_Website.mp4', 'video', NULL, NULL, '14809613', '2013-01-22 20:41:04', '2015-02-06 14:22:07', '2015-02-17 14:55:09', '2b2efb73-9ff3-4eb9-aacf-bf567b3200bc');
INSERT INTO `craft_assetfiles` (`id`, `sourceId`, `folderId`, `filename`, `kind`, `width`, `height`, `size`, `dateModified`, `dateCreated`, `dateUpdated`, `uid`) VALUES ('23', '1', '1', 'DISH_TWD_Perks10.07.mp4', 'video', NULL, NULL, '17195017', '2014-10-07 18:18:10', '2015-02-06 14:22:07', '2015-02-17 14:55:09', 'b8d78534-f4b0-44f4-9ea8-3f4ed5cfbf57');
INSERT INTO `craft_assetfiles` (`id`, `sourceId`, `folderId`, `filename`, `kind`, `width`, `height`, `size`, `dateModified`, `dateCreated`, `dateUpdated`, `uid`) VALUES ('24', '1', '1', 'coffee_run.mp4', 'video', NULL, NULL, '6729103', '2010-07-05 03:55:40', '2015-02-06 14:22:07', '2015-02-17 14:55:09', '8c139136-3de7-4aef-a499-2f1aed17b7b7');
INSERT INTO `craft_assetfiles` (`id`, `sourceId`, `folderId`, `filename`, `kind`, `width`, `height`, `size`, `dateModified`, `dateCreated`, `dateUpdated`, `uid`) VALUES ('25', '2', '5', '2940_ABC_Lexus_DirectorCut_Website.ogg', 'audio', NULL, NULL, '5866089', '2015-01-14 15:43:24', '2015-02-06 14:22:08', '2015-02-17 14:55:04', '4b2dba09-faaa-4d16-995b-1aae8d831cf6');
INSERT INTO `craft_assetfiles` (`id`, `sourceId`, `folderId`, `filename`, `kind`, `width`, `height`, `size`, `dateModified`, `dateCreated`, `dateUpdated`, `uid`) VALUES ('26', '2', '5', 'AE_ShippingWars_Wendys_Website.ogg', 'audio', NULL, NULL, '8248017', '2015-01-14 15:52:15', '2015-02-06 14:22:08', '2015-02-17 14:55:05', 'c85ce038-012c-4cac-a41f-d4ef2b737890');
INSERT INTO `craft_assetfiles` (`id`, `sourceId`, `folderId`, `filename`, `kind`, `width`, `height`, `size`, `dateModified`, `dateCreated`, `dateUpdated`, `uid`) VALUES ('27', '2', '5', 'ABC_Nashville_Samsung-FTP Reel.ogg', 'audio', NULL, NULL, '12934123', '2015-01-14 15:52:48', '2015-02-06 14:22:09', '2015-02-17 14:55:05', '0c92e655-a88d-4567-bc9a-1116124b69a3');
INSERT INTO `craft_assetfiles` (`id`, `sourceId`, `folderId`, `filename`, `kind`, `width`, `height`, `size`, `dateModified`, `dateCreated`, `dateUpdated`, `uid`) VALUES ('28', '2', '5', '2942_TWD_DISH_Sundays_WB-Website Reel.ogg', 'audio', NULL, NULL, '8413177', '2015-01-14 15:52:11', '2015-02-06 14:22:09', '2015-02-17 14:55:05', '918dc23f-5cc7-4f0e-9fa4-dbdc7ae72cee');
INSERT INTO `craft_assetfiles` (`id`, `sourceId`, `folderId`, `filename`, `kind`, `width`, `height`, `size`, `dateModified`, `dateCreated`, `dateUpdated`, `uid`) VALUES ('29', '2', '5', 'DISH_TWD_Perks10.07.ogg', 'audio', NULL, NULL, '8419216', '2015-01-14 15:52:08', '2015-02-06 14:22:09', '2015-02-17 14:55:05', 'fd2fe2ed-a16b-47c1-8fc7-3bf6214541dd');
INSERT INTO `craft_assetfiles` (`id`, `sourceId`, `folderId`, `filename`, `kind`, `width`, `height`, `size`, `dateModified`, `dateCreated`, `dateUpdated`, `uid`) VALUES ('30', '2', '5', 'coffee_run.ogg', 'audio', NULL, NULL, '4608816', '2015-01-14 15:51:59', '2015-02-06 14:22:10', '2015-02-17 14:55:06', 'd40bfe39-f4c3-45fa-b085-afb6c3968f64');
INSERT INTO `craft_assetfiles` (`id`, `sourceId`, `folderId`, `filename`, `kind`, `width`, `height`, `size`, `dateModified`, `dateCreated`, `dateUpdated`, `uid`) VALUES ('31', '3', '6', 'screenshot-test.jpeg', 'image', '306', '172', '13722', '2015-01-28 02:02:28', '2015-02-06 14:22:10', '2015-04-01 22:41:09', 'a4431323-b0dd-4cbf-a35e-f330e7b3a2f6');
INSERT INTO `craft_assetfiles` (`id`, `sourceId`, `folderId`, `filename`, `kind`, `width`, `height`, `size`, `dateModified`, `dateCreated`, `dateUpdated`, `uid`) VALUES ('32', '3', '6', 'nasville_webstill3-306x172.jpg', 'image', '306', '172', '15710', '2015-02-09 13:29:40', '2015-02-09 13:29:42', '2015-04-01 22:41:09', '2f4bacef-0f19-4b54-a420-9080de848e1e');
INSERT INTO `craft_assetfiles` (`id`, `sourceId`, `folderId`, `filename`, `kind`, `width`, `height`, `size`, `dateModified`, `dateCreated`, `dateUpdated`, `uid`) VALUES ('34', '3', '6', 'ABC-LEXUS-CHICAGO-POSTER-306x172.jpg', 'image', '306', '172', '16507', '2015-02-09 13:43:00', '2015-02-09 13:43:00', '2015-04-01 22:41:08', 'd3c06b0e-849d-49e7-a4e7-36bf2411c2ee');
INSERT INTO `craft_assetfiles` (`id`, `sourceId`, `folderId`, `filename`, `kind`, `width`, `height`, `size`, `dateModified`, `dateCreated`, `dateUpdated`, `uid`) VALUES ('36', '3', '6', 'wendys-still-copy-306x172.jpg', 'image', '306', '172', '21353', '2015-02-10 13:45:04', '2015-02-10 13:45:04', '2015-04-01 22:41:10', '6a19f3b8-70db-4b83-9f0f-e5e549d40866');
INSERT INTO `craft_assetfiles` (`id`, `sourceId`, `folderId`, `filename`, `kind`, `width`, `height`, `size`, `dateModified`, `dateCreated`, `dateUpdated`, `uid`) VALUES ('38', '3', '6', 'coffee-run.png', 'image', '700', '395', '382905', '2015-02-17 14:04:52', '2015-02-17 14:04:55', '2015-04-01 22:41:08', '3fec5410-6289-4ceb-8275-4c73fb19850c');
INSERT INTO `craft_assetfiles` (`id`, `sourceId`, `folderId`, `filename`, `kind`, `width`, `height`, `size`, `dateModified`, `dateCreated`, `dateUpdated`, `uid`) VALUES ('40', '1', '1', 'Discovery_Playstation.mp4', 'video', NULL, NULL, '8405416', '2015-03-13 13:20:04', '2015-03-13 13:20:06', '2015-03-13 13:20:06', '5badb2ca-77d8-4c01-a05b-825eb4b2aef3');
INSERT INTO `craft_assetfiles` (`id`, `sourceId`, `folderId`, `filename`, `kind`, `width`, `height`, `size`, `dateModified`, `dateCreated`, `dateUpdated`, `uid`) VALUES ('41', '2', '5', 'ogg-sample.ogg', 'audio', NULL, NULL, '438268', '2015-03-13 13:20:26', '2015-03-13 13:20:26', '2015-03-13 13:20:26', 'e4da2385-3d9a-40cc-aebe-6f8ec8121e5e');
INSERT INTO `craft_assetfiles` (`id`, `sourceId`, `folderId`, `filename`, `kind`, `width`, `height`, `size`, `dateModified`, `dateCreated`, `dateUpdated`, `uid`) VALUES ('42', '3', '6', 'Discovery-Playstation.jpg', 'image', '940', '529', '351841', '2015-03-13 13:20:52', '2015-03-13 13:20:53', '2015-04-01 22:41:09', '30157a2c-c61c-4adf-ad5c-8b6bde647c1f');
INSERT INTO `craft_assetfiles` (`id`, `sourceId`, `folderId`, `filename`, `kind`, `width`, `height`, `size`, `dateModified`, `dateCreated`, `dateUpdated`, `uid`) VALUES ('44', '1', '1', 'Discovery_3_Days_to_Kill.mp4', 'video', NULL, NULL, '12173496', '2015-03-23 12:32:03', '2015-03-23 12:32:05', '2015-03-23 12:32:05', '620797c3-e7d1-401f-98bc-3c78b01be319');
INSERT INTO `craft_assetfiles` (`id`, `sourceId`, `folderId`, `filename`, `kind`, `width`, `height`, `size`, `dateModified`, `dateCreated`, `dateUpdated`, `uid`) VALUES ('46', '3', '6', 'Stalked_still.tiff', 'image', '320', '181', '235038', '2015-03-26 02:11:20', '2015-03-26 02:11:22', '2015-04-01 22:41:09', 'effb8d59-92eb-4b41-b865-a19fb946751b');



DROP TABLE IF EXISTS `craft_assetfolders`;


--
-- Schema for table `craft_assetfolders`
--
CREATE TABLE `craft_assetfolders` (
  `id` int(11) NOT NULL AUTO_INCREMENT,
  `parentId` int(11) DEFAULT NULL,
  `sourceId` int(11) DEFAULT NULL,
  `name` varchar(255) COLLATE utf8_unicode_ci NOT NULL,
  `path` varchar(255) COLLATE utf8_unicode_ci DEFAULT NULL,
  `dateCreated` datetime NOT NULL,
  `dateUpdated` datetime NOT NULL,
  `uid` char(36) COLLATE utf8_unicode_ci NOT NULL DEFAULT '0',
  PRIMARY KEY (`id`),
  UNIQUE KEY `craft_assetfolders_name_parentId_sourceId_unq_idx` (`name`,`parentId`,`sourceId`),
  KEY `craft_assetfolders_parentId_fk` (`parentId`),
  KEY `craft_assetfolders_sourceId_fk` (`sourceId`)
) ENGINE=InnoDB AUTO_INCREMENT=15 DEFAULT CHARSET=utf8 COLLATE=utf8_unicode_ci;

--
-- Data for table `craft_assetfolders`
--

INSERT INTO `craft_assetfolders` (`id`, `parentId`, `sourceId`, `name`, `path`, `dateCreated`, `dateUpdated`, `uid`) VALUES ('1', NULL, '1', 'mp4', '', '2015-01-27 16:23:26', '2015-01-27 16:23:26', '354aefcb-2e61-4e49-b5b5-ba3f62464242');
INSERT INTO `craft_assetfolders` (`id`, `parentId`, `sourceId`, `name`, `path`, `dateCreated`, `dateUpdated`, `uid`) VALUES ('2', '1', '1', 'public', 'public/', '2015-01-27 16:23:59', '2015-01-27 16:23:59', '37c4928d-61f9-4487-b987-a634593621d1');
INSERT INTO `craft_assetfolders` (`id`, `parentId`, `sourceId`, `name`, `path`, `dateCreated`, `dateUpdated`, `uid`) VALUES ('3', '2', '1', 'video', 'public/video/', '2015-01-27 16:23:59', '2015-01-27 16:23:59', 'f2e73f87-0e8b-40af-8e5d-a5189e52faf3');
INSERT INTO `craft_assetfolders` (`id`, `parentId`, `sourceId`, `name`, `path`, `dateCreated`, `dateUpdated`, `uid`) VALUES ('4', '3', '1', 'mp4', 'public/video/mp4/', '2015-01-27 16:23:59', '2015-01-27 16:23:59', '52855120-6ca2-43c6-89f9-64218d24db4e');
INSERT INTO `craft_assetfolders` (`id`, `parentId`, `sourceId`, `name`, `path`, `dateCreated`, `dateUpdated`, `uid`) VALUES ('5', NULL, '2', 'OGG', '', '2015-01-27 16:24:24', '2015-01-27 16:24:24', '57d78234-264d-4bfa-ac9d-845e4e356d75');
INSERT INTO `craft_assetfolders` (`id`, `parentId`, `sourceId`, `name`, `path`, `dateCreated`, `dateUpdated`, `uid`) VALUES ('6', NULL, '3', 'Screenshots', '', '2015-01-27 16:24:52', '2015-01-27 16:24:52', '46c77661-5805-4eb5-9be0-a5257881940c');
INSERT INTO `craft_assetfolders` (`id`, `parentId`, `sourceId`, `name`, `path`, `dateCreated`, `dateUpdated`, `uid`) VALUES ('7', '5', '2', 'public', 'public/', '2015-01-27 16:25:21', '2015-01-27 16:25:21', 'd7e29939-b6a5-4842-8b1a-a8eb1df65406');
INSERT INTO `craft_assetfolders` (`id`, `parentId`, `sourceId`, `name`, `path`, `dateCreated`, `dateUpdated`, `uid`) VALUES ('8', '7', '2', 'video', 'public/video/', '2015-01-27 16:25:21', '2015-01-27 16:25:21', '373fd224-45e2-423f-9d7e-4757f0d6970f');
INSERT INTO `craft_assetfolders` (`id`, `parentId`, `sourceId`, `name`, `path`, `dateCreated`, `dateUpdated`, `uid`) VALUES ('9', '8', '2', 'ogg', 'public/video/ogg/', '2015-01-27 16:25:21', '2015-01-27 16:25:21', 'b779ae98-a9f9-4df7-a34f-0251a6b31cc0');
INSERT INTO `craft_assetfolders` (`id`, `parentId`, `sourceId`, `name`, `path`, `dateCreated`, `dateUpdated`, `uid`) VALUES ('13', NULL, '4', 'Images', '', '2015-01-27 17:03:18', '2015-01-27 17:03:18', '8673eaaa-d804-4b65-911e-a6bdd4829da2');
INSERT INTO `craft_assetfolders` (`id`, `parentId`, `sourceId`, `name`, `path`, `dateCreated`, `dateUpdated`, `uid`) VALUES ('14', NULL, '5', 'Photos', '', '2015-02-17 14:45:08', '2015-02-17 14:45:08', '2c2de613-da9a-4407-b6b2-203f7b88b394');



DROP TABLE IF EXISTS `craft_assetindexdata`;


--
-- Schema for table `craft_assetindexdata`
--
CREATE TABLE `craft_assetindexdata` (
  `id` int(11) NOT NULL AUTO_INCREMENT,
  `sessionId` varchar(36) COLLATE utf8_unicode_ci NOT NULL DEFAULT '',
  `sourceId` int(10) NOT NULL,
  `offset` int(10) NOT NULL,
  `uri` varchar(255) COLLATE utf8_unicode_ci DEFAULT NULL,
  `size` int(10) DEFAULT NULL,
  `recordId` int(10) DEFAULT NULL,
  `dateCreated` datetime NOT NULL,
  `dateUpdated` datetime NOT NULL,
  `uid` char(36) COLLATE utf8_unicode_ci NOT NULL DEFAULT '0',
  PRIMARY KEY (`id`),
  UNIQUE KEY `craft_assetindexdata_sessionId_sourceId_offset_unq_idx` (`sessionId`,`sourceId`,`offset`),
  KEY `craft_assetindexdata_sourceId_fk` (`sourceId`)
) ENGINE=InnoDB AUTO_INCREMENT=60 DEFAULT CHARSET=utf8 COLLATE=utf8_unicode_ci;

DROP TABLE IF EXISTS `craft_assetsources`;


--
-- Schema for table `craft_assetsources`
--
CREATE TABLE `craft_assetsources` (
  `id` int(11) NOT NULL AUTO_INCREMENT,
  `name` varchar(255) COLLATE utf8_unicode_ci NOT NULL,
  `handle` varchar(255) COLLATE utf8_unicode_ci NOT NULL,
  `type` varchar(150) COLLATE utf8_unicode_ci NOT NULL,
  `settings` text COLLATE utf8_unicode_ci,
  `sortOrder` tinyint(4) DEFAULT NULL,
  `fieldLayoutId` int(10) DEFAULT NULL,
  `dateCreated` datetime NOT NULL,
  `dateUpdated` datetime NOT NULL,
  `uid` char(36) COLLATE utf8_unicode_ci NOT NULL DEFAULT '0',
  PRIMARY KEY (`id`),
  UNIQUE KEY `craft_assetsources_name_unq_idx` (`name`),
  UNIQUE KEY `craft_assetsources_handle_unq_idx` (`handle`),
  KEY `craft_assetsources_fieldLayoutId_fk` (`fieldLayoutId`)
) ENGINE=InnoDB AUTO_INCREMENT=6 DEFAULT CHARSET=utf8 COLLATE=utf8_unicode_ci;

--
-- Data for table `craft_assetsources`
--

INSERT INTO `craft_assetsources` (`id`, `name`, `handle`, `type`, `settings`, `sortOrder`, `fieldLayoutId`, `dateCreated`, `dateUpdated`, `uid`) VALUES ('1', 'mp4', 'mp4', 'Local', '{\"path\":\"public\\/video\\/mp4\\/\",\"url\":\"\\/public\\/video\\/mp4\\/\"}', '1', '40', '2015-01-27 16:23:26', '2015-02-17 14:53:26', '30e0d102-6e02-4c39-8e1f-d29a90925ba4');
INSERT INTO `craft_assetsources` (`id`, `name`, `handle`, `type`, `settings`, `sortOrder`, `fieldLayoutId`, `dateCreated`, `dateUpdated`, `uid`) VALUES ('2', 'OGG', 'ogg', 'Local', '{\"path\":\"public\\/video\\/ogg\\/\",\"url\":\"\\/public\\/video\\/ogg\\/\"}', '2', '9', '2015-01-27 16:24:24', '2015-01-27 16:24:24', '437e916b-d709-4290-857d-d95407b326cb');
INSERT INTO `craft_assetsources` (`id`, `name`, `handle`, `type`, `settings`, `sortOrder`, `fieldLayoutId`, `dateCreated`, `dateUpdated`, `uid`) VALUES ('3', 'Screenshots', 'screenshot', 'Local', '{\"path\":\"public\\/video\\/screenshot\\/\",\"url\":\"\\/public\\/video\\/screenshot\\/\"}', '3', '10', '2015-01-27 16:24:52', '2015-01-27 16:24:52', '2890b05c-75b5-4095-921b-21102000c304');
INSERT INTO `craft_assetsources` (`id`, `name`, `handle`, `type`, `settings`, `sortOrder`, `fieldLayoutId`, `dateCreated`, `dateUpdated`, `uid`) VALUES ('4', 'Images', 'images', 'Local', '{\"path\":\"public\\/images\\/\",\"url\":\"\\/public\\/images\\/\"}', '4', '28', '2015-01-27 17:03:18', '2015-01-27 17:03:18', '2b2bc495-d33d-4805-8d15-eb2a9240bd97');
INSERT INTO `craft_assetsources` (`id`, `name`, `handle`, `type`, `settings`, `sortOrder`, `fieldLayoutId`, `dateCreated`, `dateUpdated`, `uid`) VALUES ('5', 'Photos', 'photos', 'Local', '{\"path\":\".\\/public\\/photos\\/\",\"url\":\"\\/public\\/photos\\/\"}', '5', '42', '2015-02-17 14:45:08', '2015-02-17 14:54:56', 'cdecf404-4241-4bcb-bde8-638f123f21b4');



DROP TABLE IF EXISTS `craft_assettransformindex`;


--
-- Schema for table `craft_assettransformindex`
--
CREATE TABLE `craft_assettransformindex` (
  `id` int(11) NOT NULL AUTO_INCREMENT,
  `fileId` int(11) NOT NULL,
  `filename` varchar(255) COLLATE utf8_unicode_ci DEFAULT NULL,
  `format` varchar(255) COLLATE utf8_unicode_ci DEFAULT NULL,
  `location` varchar(255) COLLATE utf8_unicode_ci NOT NULL,
  `sourceId` int(11) DEFAULT NULL,
  `fileExists` tinyint(1) DEFAULT NULL,
  `inProgress` tinyint(1) DEFAULT NULL,
  `dateIndexed` datetime DEFAULT NULL,
  `dateCreated` datetime NOT NULL,
  `dateUpdated` datetime NOT NULL,
  `uid` char(36) COLLATE utf8_unicode_ci NOT NULL DEFAULT '0',
  PRIMARY KEY (`id`),
  KEY `craft_assettransformindex_sourceId_fileId_location_idx` (`sourceId`,`fileId`,`location`)
) ENGINE=InnoDB AUTO_INCREMENT=7 DEFAULT CHARSET=utf8 COLLATE=utf8_unicode_ci;

DROP TABLE IF EXISTS `craft_assettransforms`;


--
-- Schema for table `craft_assettransforms`
--
CREATE TABLE `craft_assettransforms` (
  `id` int(11) NOT NULL AUTO_INCREMENT,
  `name` varchar(255) COLLATE utf8_unicode_ci NOT NULL,
  `handle` varchar(255) COLLATE utf8_unicode_ci NOT NULL,
  `mode` enum('stretch','fit','crop') COLLATE utf8_unicode_ci NOT NULL DEFAULT 'crop',
  `position` enum('top-left','top-center','top-right','center-left','center-center','center-right','bottom-left','bottom-center','bottom-right') COLLATE utf8_unicode_ci NOT NULL DEFAULT 'center-center',
  `height` int(10) DEFAULT NULL,
  `width` int(10) DEFAULT NULL,
  `format` varchar(255) COLLATE utf8_unicode_ci DEFAULT NULL,
  `quality` int(10) DEFAULT NULL,
  `dimensionChangeTime` datetime DEFAULT NULL,
  `dateCreated` datetime NOT NULL,
  `dateUpdated` datetime NOT NULL,
  `uid` char(36) COLLATE utf8_unicode_ci NOT NULL DEFAULT '0',
  PRIMARY KEY (`id`),
  UNIQUE KEY `craft_assettransforms_name_unq_idx` (`name`),
  UNIQUE KEY `craft_assettransforms_handle_unq_idx` (`handle`)
) ENGINE=InnoDB AUTO_INCREMENT=2 DEFAULT CHARSET=utf8 COLLATE=utf8_unicode_ci;

--
-- Data for table `craft_assettransforms`
--

INSERT INTO `craft_assettransforms` (`id`, `name`, `handle`, `mode`, `position`, `height`, `width`, `format`, `quality`, `dimensionChangeTime`, `dateCreated`, `dateUpdated`, `uid`) VALUES ('1', 'screencap', 'screencap', 'crop', 'center-center', '256', '457', 'jpg', NULL, '2015-04-01 22:40:24', '2015-04-01 22:40:24', '2015-04-01 22:40:24', '1c170494-6903-475b-8ab2-ed984f850d9d');



DROP TABLE IF EXISTS `craft_categories`;


--
-- Schema for table `craft_categories`
--
CREATE TABLE `craft_categories` (
  `id` int(11) NOT NULL,
  `groupId` int(11) NOT NULL,
  `dateCreated` datetime NOT NULL,
  `dateUpdated` datetime NOT NULL,
  `uid` char(36) COLLATE utf8_unicode_ci NOT NULL DEFAULT '0',
  PRIMARY KEY (`id`),
  KEY `craft_categories_groupId_fk` (`groupId`)
) ENGINE=InnoDB DEFAULT CHARSET=utf8 COLLATE=utf8_unicode_ci;

DROP TABLE IF EXISTS `craft_categorygroups`;


--
-- Schema for table `craft_categorygroups`
--
CREATE TABLE `craft_categorygroups` (
  `id` int(11) NOT NULL AUTO_INCREMENT,
  `structureId` int(11) NOT NULL,
  `fieldLayoutId` int(11) DEFAULT NULL,
  `name` varchar(255) COLLATE utf8_unicode_ci NOT NULL,
  `handle` varchar(255) COLLATE utf8_unicode_ci NOT NULL,
  `hasUrls` tinyint(1) unsigned NOT NULL DEFAULT '1',
  `template` varchar(500) COLLATE utf8_unicode_ci DEFAULT NULL,
  `dateCreated` datetime NOT NULL,
  `dateUpdated` datetime NOT NULL,
  `uid` char(36) COLLATE utf8_unicode_ci NOT NULL DEFAULT '0',
  PRIMARY KEY (`id`),
  UNIQUE KEY `craft_categorygroups_name_unq_idx` (`name`),
  UNIQUE KEY `craft_categorygroups_handle_unq_idx` (`handle`),
  KEY `craft_categorygroups_structureId_fk` (`structureId`),
  KEY `craft_categorygroups_fieldLayoutId_fk` (`fieldLayoutId`)
) ENGINE=InnoDB DEFAULT CHARSET=utf8 COLLATE=utf8_unicode_ci;

DROP TABLE IF EXISTS `craft_categorygroups_i18n`;


--
-- Schema for table `craft_categorygroups_i18n`
--
CREATE TABLE `craft_categorygroups_i18n` (
  `id` int(11) NOT NULL AUTO_INCREMENT,
  `groupId` int(11) NOT NULL,
  `locale` char(12) COLLATE utf8_unicode_ci NOT NULL,
  `urlFormat` varchar(255) COLLATE utf8_unicode_ci DEFAULT NULL,
  `nestedUrlFormat` varchar(255) COLLATE utf8_unicode_ci DEFAULT NULL,
  `dateCreated` datetime NOT NULL,
  `dateUpdated` datetime NOT NULL,
  `uid` char(36) COLLATE utf8_unicode_ci NOT NULL DEFAULT '0',
  PRIMARY KEY (`id`),
  UNIQUE KEY `craft_categorygroups_i18n_groupId_locale_unq_idx` (`groupId`,`locale`),
  KEY `craft_categorygroups_i18n_locale_fk` (`locale`)
) ENGINE=InnoDB DEFAULT CHARSET=utf8 COLLATE=utf8_unicode_ci;

DROP TABLE IF EXISTS `craft_content`;


--
-- Schema for table `craft_content`
--
CREATE TABLE `craft_content` (
  `id` int(11) NOT NULL AUTO_INCREMENT,
  `elementId` int(11) NOT NULL,
  `locale` char(12) COLLATE utf8_unicode_ci NOT NULL,
  `title` varchar(255) COLLATE utf8_unicode_ci DEFAULT NULL,
  `field_body` text COLLATE utf8_unicode_ci,
  `field_videoCategory` varchar(255) COLLATE utf8_unicode_ci DEFAULT NULL,
  `field_client` text COLLATE utf8_unicode_ci,
  `field_projectName` text COLLATE utf8_unicode_ci,
  `field_email` text COLLATE utf8_unicode_ci,
  `field_address` text COLLATE utf8_unicode_ci,
  `field_fax` text COLLATE utf8_unicode_ci,
  `field_phone` text COLLATE utf8_unicode_ci,
  `field_monicaHindenBio` text COLLATE utf8_unicode_ci,
  `field_chrisMckennaBio` text COLLATE utf8_unicode_ci,
  `field_whatIsAWeeBeastie` text COLLATE utf8_unicode_ci,
  `field_aboutTheCompany` text COLLATE utf8_unicode_ci,
  `field_workType` text COLLATE utf8_unicode_ci,
  `field_videoCategories` varchar(255) COLLATE utf8_unicode_ci DEFAULT NULL,
  `dateCreated` datetime NOT NULL,
  `dateUpdated` datetime NOT NULL,
  `uid` char(36) COLLATE utf8_unicode_ci NOT NULL DEFAULT '0',
  PRIMARY KEY (`id`),
  UNIQUE KEY `craft_content_elementId_locale_unq_idx` (`elementId`,`locale`),
  KEY `craft_content_title_idx` (`title`),
  KEY `craft_content_locale_fk` (`locale`)
) ENGINE=InnoDB AUTO_INCREMENT=47 DEFAULT CHARSET=utf8 COLLATE=utf8_unicode_ci;

--
-- Data for table `craft_content`
--

INSERT INTO `craft_content` (`id`, `elementId`, `locale`, `title`, `field_body`, `field_videoCategory`, `field_client`, `field_projectName`, `field_email`, `field_address`, `field_fax`, `field_phone`, `field_monicaHindenBio`, `field_chrisMckennaBio`, `field_whatIsAWeeBeastie`, `field_aboutTheCompany`, `field_workType`, `field_videoCategories`, `dateCreated`, `dateUpdated`, `uid`) VALUES ('1', '1', 'en_us', NULL, NULL, NULL, NULL, NULL, NULL, NULL, NULL, NULL, NULL, NULL, NULL, NULL, NULL, NULL, '2015-01-15 18:31:43', '2015-01-15 18:31:43', '12bd9827-430f-49f0-bade-6a3c1aee4b86');
INSERT INTO `craft_content` (`id`, `elementId`, `locale`, `title`, `field_body`, `field_videoCategory`, `field_client`, `field_projectName`, `field_email`, `field_address`, `field_fax`, `field_phone`, `field_monicaHindenBio`, `field_chrisMckennaBio`, `field_whatIsAWeeBeastie`, `field_aboutTheCompany`, `field_workType`, `field_videoCategories`, `dateCreated`, `dateUpdated`, `uid`) VALUES ('2', '2', 'en_us', 'Homepage', '<p>It’s true, this site doesn’t have a whole lot of content yet, but don’t worry. Our web developers have just installed the CMS, and they’re setting things up for the content editors this very moment. Soon Weebeastie.dev will be an oasis of fresh perspectives, sharp analyses, and astute opinions that will keep you coming back again and again.</p>', NULL, NULL, NULL, NULL, NULL, NULL, NULL, NULL, NULL, NULL, NULL, NULL, NULL, '2015-01-15 18:31:48', '2015-02-17 14:07:25', '94b1ad0a-28cd-4d69-87db-8024d6cd5d16');
INSERT INTO `craft_content` (`id`, `elementId`, `locale`, `title`, `field_body`, `field_videoCategory`, `field_client`, `field_projectName`, `field_email`, `field_address`, `field_fax`, `field_phone`, `field_monicaHindenBio`, `field_chrisMckennaBio`, `field_whatIsAWeeBeastie`, `field_aboutTheCompany`, `field_workType`, `field_videoCategories`, `dateCreated`, `dateUpdated`, `uid`) VALUES ('3', '3', 'en_us', 'We just installed Craft!', '<p>Craft is the CMS that’s powering Weebeastie.dev. It’s beautiful, powerful, flexible, and easy-to-use, and it’s made by Pixel &amp; Tonic. We can’t wait to dive in and see what it’s capable of!</p><!--pagebreak--><p>This is even more captivating content, which you couldn’t see on the News index page because it was entered after a Page Break, and the News index template only likes to show the content on the first page.</p><p>Craft: a nice alternative to Word, if you’re making a website.</p>', NULL, NULL, NULL, NULL, NULL, NULL, NULL, NULL, NULL, NULL, NULL, NULL, NULL, '2015-01-15 18:31:48', '2015-01-15 18:31:48', '914efef1-ec2a-4b3b-a62a-d79e199cf3b2');
INSERT INTO `craft_content` (`id`, `elementId`, `locale`, `title`, `field_body`, `field_videoCategory`, `field_client`, `field_projectName`, `field_email`, `field_address`, `field_fax`, `field_phone`, `field_monicaHindenBio`, `field_chrisMckennaBio`, `field_whatIsAWeeBeastie`, `field_aboutTheCompany`, `field_workType`, `field_videoCategories`, `dateCreated`, `dateUpdated`, `uid`) VALUES ('4', '4', 'en_us', NULL, NULL, NULL, NULL, NULL, 'info@weebeastie.tv', '116 Chambers Street Floor 5, New York, NY 10007', '866.317.9430', '212.349.0795', NULL, NULL, NULL, NULL, NULL, NULL, '2015-01-27 16:33:12', '2015-01-27 16:37:05', '55d579c5-648d-40f1-9bc8-58d2c5a8251a');
INSERT INTO `craft_content` (`id`, `elementId`, `locale`, `title`, `field_body`, `field_videoCategory`, `field_client`, `field_projectName`, `field_email`, `field_address`, `field_fax`, `field_phone`, `field_monicaHindenBio`, `field_chrisMckennaBio`, `field_whatIsAWeeBeastie`, `field_aboutTheCompany`, `field_workType`, `field_videoCategories`, `dateCreated`, `dateUpdated`, `uid`) VALUES ('5', '5', 'en_us', 'Our Work', NULL, NULL, NULL, NULL, NULL, NULL, NULL, NULL, NULL, NULL, NULL, NULL, NULL, NULL, '2015-01-27 16:56:56', '2015-04-02 12:33:34', '4c12f28d-51cd-4ed1-badf-bdc656d3728f');
INSERT INTO `craft_content` (`id`, `elementId`, `locale`, `title`, `field_body`, `field_videoCategory`, `field_client`, `field_projectName`, `field_email`, `field_address`, `field_fax`, `field_phone`, `field_monicaHindenBio`, `field_chrisMckennaBio`, `field_whatIsAWeeBeastie`, `field_aboutTheCompany`, `field_workType`, `field_videoCategories`, `dateCreated`, `dateUpdated`, `uid`) VALUES ('6', '6', 'en_us', 'Directors Page', NULL, NULL, NULL, NULL, NULL, NULL, NULL, NULL, NULL, NULL, NULL, NULL, NULL, NULL, '2015-01-27 17:00:43', '2015-03-26 01:49:22', '1add1806-488c-4f86-85cd-fca15008347b');
INSERT INTO `craft_content` (`id`, `elementId`, `locale`, `title`, `field_body`, `field_videoCategory`, `field_client`, `field_projectName`, `field_email`, `field_address`, `field_fax`, `field_phone`, `field_monicaHindenBio`, `field_chrisMckennaBio`, `field_whatIsAWeeBeastie`, `field_aboutTheCompany`, `field_workType`, `field_videoCategories`, `dateCreated`, `dateUpdated`, `uid`) VALUES ('7', '7', 'en_us', 'About', NULL, NULL, NULL, NULL, NULL, NULL, NULL, NULL, '<p>is an experienced Executive Producer who has brought many high-end concepts from the printed page to the screen. Having produced Upfront projects for both Discovery Channel and The Learning Channel, she is an expert problem solver and no stranger to logistical nightmares. From Monica\'s point of view, nothing is a problem - there is always a solution. Relax, and let her handle it... </p>', '<p>has 20 years of experience as a writer and director of commercials, promos and short-form programming. His campaigns have led to higher ratings, brand recognition and ultimately profits for his clients. Chris has designed campaigns for household-name shows and commercial brands. As a director, Chris\'s strengths include directing show talent, compelling visuals and quirky comedy. </p>', '<p>Wee Beasties are those sticky concepts that get lodged inside your head. The catchy song that you keep humming, the stunning visual you can\'t forget, those great ideas that keep you from falling asleep. These clever concepts are our specialty, because Wee Beasties are what we\'re all about.</p>', '<p>\r\n	At Wee Beastie, we think up clever ideas and bring them to life. Our mission? Provide the most emotionally compelling advertising by focusing on initial creative development. For us, concept is king. The result? Work that always cuts through the clutter.\r\n</p>', NULL, NULL, '2015-01-27 17:06:00', '2015-01-27 23:25:45', 'e5012519-c763-4a25-9702-a6fd9a354c7d');
INSERT INTO `craft_content` (`id`, `elementId`, `locale`, `title`, `field_body`, `field_videoCategory`, `field_client`, `field_projectName`, `field_email`, `field_address`, `field_fax`, `field_phone`, `field_monicaHindenBio`, `field_chrisMckennaBio`, `field_whatIsAWeeBeastie`, `field_aboutTheCompany`, `field_workType`, `field_videoCategories`, `dateCreated`, `dateUpdated`, `uid`) VALUES ('8', '8', 'en_us', 'weebeastie-company-photo', NULL, NULL, NULL, NULL, NULL, NULL, NULL, NULL, NULL, NULL, NULL, NULL, NULL, NULL, '2015-01-27 22:53:24', '2015-03-31 12:25:11', 'cb87f107-238a-4ea3-a23c-c189ce0cc8c0');
INSERT INTO `craft_content` (`id`, `elementId`, `locale`, `title`, `field_body`, `field_videoCategory`, `field_client`, `field_projectName`, `field_email`, `field_address`, `field_fax`, `field_phone`, `field_monicaHindenBio`, `field_chrisMckennaBio`, `field_whatIsAWeeBeastie`, `field_aboutTheCompany`, `field_workType`, `field_videoCategories`, `dateCreated`, `dateUpdated`, `uid`) VALUES ('9', '9', 'en_us', 'Chris McKenna', '<p>Chris McKenna is the talent whisperer. He draws out a great performance in the most difficult of situations and puts high-flying actors and show hosts at ease. Chris is as an \"actor\'s director\" who also has a great eye for strong visuals and beautiful composition. Great with children and animals, he has survived the worst. Ask him about the homicidal pig. After the pig, he is ready for anything.</p>', NULL, NULL, NULL, NULL, NULL, NULL, NULL, NULL, NULL, NULL, NULL, 'Comedy/Dialogue, Storytelling/Visual FX', NULL, '2015-01-28 14:03:09', '2015-01-28 14:08:09', '8b796316-d969-4d92-8383-bec95dc21ed7');
INSERT INTO `craft_content` (`id`, `elementId`, `locale`, `title`, `field_body`, `field_videoCategory`, `field_client`, `field_projectName`, `field_email`, `field_address`, `field_fax`, `field_phone`, `field_monicaHindenBio`, `field_chrisMckennaBio`, `field_whatIsAWeeBeastie`, `field_aboutTheCompany`, `field_workType`, `field_videoCategories`, `dateCreated`, `dateUpdated`, `uid`) VALUES ('10', '10', 'en_us', 'Lori Balaban', '<p>Lori Balaban has over a decade of entertainment industry experience. She\'s written, produced, and directed for NBC, AMC, CBS, National Geographic, Bain, Harley Davidson, Sundance, and Disney. She\'s committed to storytelling and has written numerous screenplays, documentaries and TV scripts. She\'s currently pursuing an MFA in Creative Writing.</p>', NULL, NULL, NULL, NULL, NULL, NULL, NULL, NULL, NULL, NULL, NULL, 'Talent/Branded Entertainment', NULL, '2015-01-28 14:06:28', '2015-03-17 13:16:46', 'f196063c-91f2-49eb-b87c-a85c4aae131b');
INSERT INTO `craft_content` (`id`, `elementId`, `locale`, `title`, `field_body`, `field_videoCategory`, `field_client`, `field_projectName`, `field_email`, `field_address`, `field_fax`, `field_phone`, `field_monicaHindenBio`, `field_chrisMckennaBio`, `field_whatIsAWeeBeastie`, `field_aboutTheCompany`, `field_workType`, `field_videoCategories`, `dateCreated`, `dateUpdated`, `uid`) VALUES ('11', '11', 'en_us', 'Ronnie Krensel', '<p>Ronnie Krensel has been making commercials, promos, and TV shows for close to twenty years. In that time he\'s filmed with rockers, rappers, storm chasers, gurus and of course a few comedians. As one of the few show runners in the promo business, he understands how to boil the essence of a show down to just 30 seconds while still retaining the overall theme. On set, Ronnie is well versed in helping actors feel natural. Additionally, he helps non-actors find their inner performer, and brings out the best in cars, buildings, and other natural environments.</p>', NULL, NULL, NULL, NULL, NULL, NULL, NULL, NULL, NULL, NULL, NULL, 'Real People/Automotive', NULL, '2015-01-28 14:09:05', '2015-01-28 14:09:05', '8e66eb2b-4be8-42ca-92f3-63e881dfb6c0');
INSERT INTO `craft_content` (`id`, `elementId`, `locale`, `title`, `field_body`, `field_videoCategory`, `field_client`, `field_projectName`, `field_email`, `field_address`, `field_fax`, `field_phone`, `field_monicaHindenBio`, `field_chrisMckennaBio`, `field_whatIsAWeeBeastie`, `field_aboutTheCompany`, `field_workType`, `field_videoCategories`, `dateCreated`, `dateUpdated`, `uid`) VALUES ('12', '12', 'en_us', 'JR Soldano', '<p>JR Soldano is a director, writer and producer who brings over 20 years of experience in both business-to-business and consumer channels. He spent 8 years with The Discovery Channel as their Supervising Producer and in-house director. JR has garnered a number of industry awards, including 6 Addys, a BDA Award, a Telly Award, 1 Silver and 3 Gold Promax award, and has directed two acclaimed, award-winning shorts in the past 4 years. In addition, JR is one of the creators/writers/producers of cult favorite Pancake Mountain—an offbeat, internet-based kids\' show—and also writes and performs as celebrity-interviewing puppet Rufus Leaking on the show.</p>', NULL, NULL, NULL, NULL, NULL, NULL, NULL, NULL, NULL, NULL, NULL, 'Comedy/Drama/Network Talent', NULL, '2015-01-28 14:10:18', '2015-01-28 14:10:18', '880de079-90ab-40e6-bfa5-e1dab32030fd');
INSERT INTO `craft_content` (`id`, `elementId`, `locale`, `title`, `field_body`, `field_videoCategory`, `field_client`, `field_projectName`, `field_email`, `field_address`, `field_fax`, `field_phone`, `field_monicaHindenBio`, `field_chrisMckennaBio`, `field_whatIsAWeeBeastie`, `field_aboutTheCompany`, `field_workType`, `field_videoCategories`, `dateCreated`, `dateUpdated`, `uid`) VALUES ('13', '13', 'en_us', 'Alan William Harris', '<p>Alan William Harris is best known for his commercial work for a little mom-and-pop network called MTV, where he has received two Emmy nominations. Alan\'s visual sensibilities lean heavily on style and color while his comedic strengths highlight his background in improvised comedy (being an alumnus of The Second City and Upright Citizen\'s Brigade theaters). To date, he has directed such celebrity talent as Steve Carell, Paul Rudd, Chris Parnell, Rob Corddry and Justin Timerblake, with clients ranging from Burger King and Paramount Studios to Best Buy and The American Legacy Foundation. In addition to his commercial work, Alan is also in pre-production on his first feature film, an indie teen drama/comedy scheduled to shoot later this year.</p>', NULL, NULL, NULL, NULL, NULL, NULL, NULL, NULL, NULL, NULL, NULL, 'Comedy Dialogue/Celebrity', NULL, '2015-01-28 14:11:27', '2015-03-17 13:07:48', '29fae377-9594-42f5-ac0c-16edbfcd2bbe');
INSERT INTO `craft_content` (`id`, `elementId`, `locale`, `title`, `field_body`, `field_videoCategory`, `field_client`, `field_projectName`, `field_email`, `field_address`, `field_fax`, `field_phone`, `field_monicaHindenBio`, `field_chrisMckennaBio`, `field_whatIsAWeeBeastie`, `field_aboutTheCompany`, `field_workType`, `field_videoCategories`, `dateCreated`, `dateUpdated`, `uid`) VALUES ('14', '14', 'en_us', 'The Perfect Choice', '<p>Create our very own game show, and have it hosted by the one and only Bob Eubanks? Count us in! This spot for DISH spices up the classic \"Dating Game\" format with new \"contestants\" and one very lucky lady. Everything about the spot is custom, from the custom-built 70\'s-themed set, to custom colors that mimic the iconic red hues of DISH. Bob Eubanks, the veteran game show host that he is, walked on set and was immediately in his element. The finished product is a riotous spot, and of course a happy couple.</p>', NULL, NULL, NULL, NULL, NULL, NULL, NULL, NULL, NULL, NULL, NULL, NULL, NULL, '2015-01-29 14:03:00', '2015-02-17 14:38:22', '9539c06d-2450-46f1-9080-de3d6b6075f3');
INSERT INTO `craft_content` (`id`, `elementId`, `locale`, `title`, `field_body`, `field_videoCategory`, `field_client`, `field_projectName`, `field_email`, `field_address`, `field_fax`, `field_phone`, `field_monicaHindenBio`, `field_chrisMckennaBio`, `field_whatIsAWeeBeastie`, `field_aboutTheCompany`, `field_workType`, `field_videoCategories`, `dateCreated`, `dateUpdated`, `uid`) VALUES ('15', '15', 'en_us', 'Chuck\'s Eat The Street', '<p>We put on our dancing shoes for the second season commercial shoot of<strong> Chuck\'s Eat The Street</strong> on <em>The Cooking Channel</em>. The spot was originally set as live action in the Bronx, but a massive thunderstorm the day of didn\'t agree with that plan. We reworked the concept to showcase Chuck\'s span across the country via green screen. Chuck and his loyal backup singers travel through postcards, visiting the streets of Washington DC, San Antonio, and more for the most delicious dishes. We\'re really happy with the spot in light of the initial challenges, and we thank Chuck and the crew for being so flexible. But now we can\'t get the spot\'s song out of our heads!</p>', NULL, NULL, NULL, NULL, NULL, NULL, NULL, NULL, NULL, NULL, NULL, NULL, NULL, '2015-01-29 14:18:39', '2015-02-17 14:29:57', '28de595f-99c5-4498-9429-579e7c0f1945');
INSERT INTO `craft_content` (`id`, `elementId`, `locale`, `title`, `field_body`, `field_videoCategory`, `field_client`, `field_projectName`, `field_email`, `field_address`, `field_fax`, `field_phone`, `field_monicaHindenBio`, `field_chrisMckennaBio`, `field_whatIsAWeeBeastie`, `field_aboutTheCompany`, `field_workType`, `field_videoCategories`, `dateCreated`, `dateUpdated`, `uid`) VALUES ('16', '16', 'en_us', 'Coppertone', '<p>We start our celebration for the summer season early with <strong>Coppertone</strong> and <strong>USA Network</strong>. <strong>Mark Feuerstein</strong> reprises his role from USA\'s Royal Pains to enjoy a gorgeous day at the beach. He relaxes, wades in the water, and soaks up the sun with a bottle of Coopertone at hand. Always eager to show off, Mark makes sure to broadcast his fun to <strong>Callie Thorne</strong> of Necessary Roughness fame. Despite Mark\'s upbeat performance, this spot was actually filmed on one of the coldest days of the year! The spot was still a lot of fun to make, and a great way to connect summer fun for these two brands.</p>', NULL, NULL, NULL, NULL, NULL, NULL, NULL, NULL, NULL, NULL, NULL, NULL, NULL, '2015-01-30 14:12:55', '2015-02-17 14:37:50', 'd622da68-772a-4d20-8a81-4fef5b4220fc');
INSERT INTO `craft_content` (`id`, `elementId`, `locale`, `title`, `field_body`, `field_videoCategory`, `field_client`, `field_projectName`, `field_email`, `field_address`, `field_fax`, `field_phone`, `field_monicaHindenBio`, `field_chrisMckennaBio`, `field_whatIsAWeeBeastie`, `field_aboutTheCompany`, `field_workType`, `field_videoCategories`, `dateCreated`, `dateUpdated`, `uid`) VALUES ('17', '17', 'en_us', 'Life Is Funny', '<p>We had a great time shooting with TBS and Wendy\'s recently to create promos for the “Life is Funny\" campaign. After locating a fantastic apartment near Wee Beastie headquarters in downtown Manhattan, the crew loaded in for a long yet productive day of filming. The spots highlight the great things that happen when friends, and Wendy\'s, get together. When all was said and done, we had three brand new promos showcasing two fantastic brands. The team had lots of fun, but we are forever finished with the word “booyah\". Ha! Click the video link to check out the spot!</p>', NULL, NULL, NULL, NULL, NULL, NULL, NULL, NULL, NULL, NULL, NULL, NULL, NULL, '2015-01-30 14:14:42', '2015-02-17 14:38:08', '2069908a-faaf-4f9e-8b90-368051036832');
INSERT INTO `craft_content` (`id`, `elementId`, `locale`, `title`, `field_body`, `field_videoCategory`, `field_client`, `field_projectName`, `field_email`, `field_address`, `field_fax`, `field_phone`, `field_monicaHindenBio`, `field_chrisMckennaBio`, `field_whatIsAWeeBeastie`, `field_aboutTheCompany`, `field_workType`, `field_videoCategories`, `dateCreated`, `dateUpdated`, `uid`) VALUES ('18', '18', 'en_us', 'The Walking Dead', NULL, 'Launch', 'DISH and AMC', 'The Walking Dead', NULL, NULL, NULL, NULL, NULL, NULL, NULL, NULL, NULL, NULL, '2015-02-06 14:20:40', '2015-02-13 14:40:01', 'eb7be747-c059-430b-982a-87fefe8456a3');
INSERT INTO `craft_content` (`id`, `elementId`, `locale`, `title`, `field_body`, `field_videoCategory`, `field_client`, `field_projectName`, `field_email`, `field_address`, `field_fax`, `field_phone`, `field_monicaHindenBio`, `field_chrisMckennaBio`, `field_whatIsAWeeBeastie`, `field_aboutTheCompany`, `field_workType`, `field_videoCategories`, `dateCreated`, `dateUpdated`, `uid`) VALUES ('19', '19', 'en_us', '2940 ABC Lexus V.3 DirectorCut Final-Website Reel', NULL, NULL, NULL, NULL, NULL, NULL, NULL, NULL, NULL, NULL, NULL, NULL, NULL, NULL, '2015-02-06 14:22:06', '2015-02-17 14:55:08', 'a07d36d3-1288-460b-ba6a-7a1667edb04f');
INSERT INTO `craft_content` (`id`, `elementId`, `locale`, `title`, `field_body`, `field_videoCategory`, `field_client`, `field_projectName`, `field_email`, `field_address`, `field_fax`, `field_phone`, `field_monicaHindenBio`, `field_chrisMckennaBio`, `field_whatIsAWeeBeastie`, `field_aboutTheCompany`, `field_workType`, `field_videoCategories`, `dateCreated`, `dateUpdated`, `uid`) VALUES ('20', '20', 'en_us', 'ABC Nashville Samsung-FTP Reel', NULL, NULL, NULL, NULL, NULL, NULL, NULL, NULL, NULL, NULL, NULL, NULL, NULL, NULL, '2015-02-06 14:22:06', '2015-02-17 14:55:09', '640e44b2-9dc4-429b-b4b3-ee21066fe1ea');
INSERT INTO `craft_content` (`id`, `elementId`, `locale`, `title`, `field_body`, `field_videoCategory`, `field_client`, `field_projectName`, `field_email`, `field_address`, `field_fax`, `field_phone`, `field_monicaHindenBio`, `field_chrisMckennaBio`, `field_whatIsAWeeBeastie`, `field_aboutTheCompany`, `field_workType`, `field_videoCategories`, `dateCreated`, `dateUpdated`, `uid`) VALUES ('21', '21', 'en_us', '2942 TWD DISH Sundays WB-Website Reel', NULL, NULL, NULL, NULL, NULL, NULL, NULL, NULL, NULL, NULL, NULL, NULL, NULL, NULL, '2015-02-06 14:22:07', '2015-02-17 14:55:08', '66e7cf4c-e031-408c-936c-30035cce02e0');
INSERT INTO `craft_content` (`id`, `elementId`, `locale`, `title`, `field_body`, `field_videoCategory`, `field_client`, `field_projectName`, `field_email`, `field_address`, `field_fax`, `field_phone`, `field_monicaHindenBio`, `field_chrisMckennaBio`, `field_whatIsAWeeBeastie`, `field_aboutTheCompany`, `field_workType`, `field_videoCategories`, `dateCreated`, `dateUpdated`, `uid`) VALUES ('22', '22', 'en_us', 'AE ShippingWars Wendys Website', NULL, NULL, NULL, NULL, NULL, NULL, NULL, NULL, NULL, NULL, NULL, NULL, NULL, NULL, '2015-02-06 14:22:07', '2015-02-17 14:55:09', 'e2654c61-e45c-4d4a-83c4-c8333747d94b');
INSERT INTO `craft_content` (`id`, `elementId`, `locale`, `title`, `field_body`, `field_videoCategory`, `field_client`, `field_projectName`, `field_email`, `field_address`, `field_fax`, `field_phone`, `field_monicaHindenBio`, `field_chrisMckennaBio`, `field_whatIsAWeeBeastie`, `field_aboutTheCompany`, `field_workType`, `field_videoCategories`, `dateCreated`, `dateUpdated`, `uid`) VALUES ('23', '23', 'en_us', 'DISH TWD Perks10.07', NULL, NULL, NULL, NULL, NULL, NULL, NULL, NULL, NULL, NULL, NULL, NULL, NULL, NULL, '2015-02-06 14:22:07', '2015-02-17 14:55:09', '1e0f2a64-ca7c-4860-b123-5516c37bf349');
INSERT INTO `craft_content` (`id`, `elementId`, `locale`, `title`, `field_body`, `field_videoCategory`, `field_client`, `field_projectName`, `field_email`, `field_address`, `field_fax`, `field_phone`, `field_monicaHindenBio`, `field_chrisMckennaBio`, `field_whatIsAWeeBeastie`, `field_aboutTheCompany`, `field_workType`, `field_videoCategories`, `dateCreated`, `dateUpdated`, `uid`) VALUES ('24', '24', 'en_us', 'coffee run', NULL, NULL, NULL, NULL, NULL, NULL, NULL, NULL, NULL, NULL, NULL, NULL, NULL, NULL, '2015-02-06 14:22:07', '2015-02-17 14:55:09', '5d39d459-5752-46d5-a111-4b07b2121b94');
INSERT INTO `craft_content` (`id`, `elementId`, `locale`, `title`, `field_body`, `field_videoCategory`, `field_client`, `field_projectName`, `field_email`, `field_address`, `field_fax`, `field_phone`, `field_monicaHindenBio`, `field_chrisMckennaBio`, `field_whatIsAWeeBeastie`, `field_aboutTheCompany`, `field_workType`, `field_videoCategories`, `dateCreated`, `dateUpdated`, `uid`) VALUES ('25', '25', 'en_us', '2940 ABC Lexus DirectorCut Website', NULL, NULL, NULL, NULL, NULL, NULL, NULL, NULL, NULL, NULL, NULL, NULL, NULL, NULL, '2015-02-06 14:22:08', '2015-02-17 14:55:04', 'f16b1e62-e974-4810-9de0-c391b1a994a9');
INSERT INTO `craft_content` (`id`, `elementId`, `locale`, `title`, `field_body`, `field_videoCategory`, `field_client`, `field_projectName`, `field_email`, `field_address`, `field_fax`, `field_phone`, `field_monicaHindenBio`, `field_chrisMckennaBio`, `field_whatIsAWeeBeastie`, `field_aboutTheCompany`, `field_workType`, `field_videoCategories`, `dateCreated`, `dateUpdated`, `uid`) VALUES ('26', '26', 'en_us', 'AE ShippingWars Wendys Website', NULL, NULL, NULL, NULL, NULL, NULL, NULL, NULL, NULL, NULL, NULL, NULL, NULL, NULL, '2015-02-06 14:22:08', '2015-02-17 14:55:05', 'a315b4f4-7871-452a-90d0-5a4940cd8332');
INSERT INTO `craft_content` (`id`, `elementId`, `locale`, `title`, `field_body`, `field_videoCategory`, `field_client`, `field_projectName`, `field_email`, `field_address`, `field_fax`, `field_phone`, `field_monicaHindenBio`, `field_chrisMckennaBio`, `field_whatIsAWeeBeastie`, `field_aboutTheCompany`, `field_workType`, `field_videoCategories`, `dateCreated`, `dateUpdated`, `uid`) VALUES ('27', '27', 'en_us', 'ABC Nashville Samsung-FTP Reel', NULL, NULL, NULL, NULL, NULL, NULL, NULL, NULL, NULL, NULL, NULL, NULL, NULL, NULL, '2015-02-06 14:22:08', '2015-02-17 14:55:05', '31ef438b-63ca-4594-a612-230874c121b1');
INSERT INTO `craft_content` (`id`, `elementId`, `locale`, `title`, `field_body`, `field_videoCategory`, `field_client`, `field_projectName`, `field_email`, `field_address`, `field_fax`, `field_phone`, `field_monicaHindenBio`, `field_chrisMckennaBio`, `field_whatIsAWeeBeastie`, `field_aboutTheCompany`, `field_workType`, `field_videoCategories`, `dateCreated`, `dateUpdated`, `uid`) VALUES ('28', '28', 'en_us', '2942 TWD DISH Sundays WB-Website Reel', NULL, NULL, NULL, NULL, NULL, NULL, NULL, NULL, NULL, NULL, NULL, NULL, NULL, NULL, '2015-02-06 14:22:09', '2015-02-17 14:55:05', '3608ca12-1feb-488e-b607-8e66e8541923');
INSERT INTO `craft_content` (`id`, `elementId`, `locale`, `title`, `field_body`, `field_videoCategory`, `field_client`, `field_projectName`, `field_email`, `field_address`, `field_fax`, `field_phone`, `field_monicaHindenBio`, `field_chrisMckennaBio`, `field_whatIsAWeeBeastie`, `field_aboutTheCompany`, `field_workType`, `field_videoCategories`, `dateCreated`, `dateUpdated`, `uid`) VALUES ('29', '29', 'en_us', 'DISH TWD Perks10.07', NULL, NULL, NULL, NULL, NULL, NULL, NULL, NULL, NULL, NULL, NULL, NULL, NULL, NULL, '2015-02-06 14:22:09', '2015-02-17 14:55:05', '1c1d0bd5-3f41-4967-b670-c799f14a736a');
INSERT INTO `craft_content` (`id`, `elementId`, `locale`, `title`, `field_body`, `field_videoCategory`, `field_client`, `field_projectName`, `field_email`, `field_address`, `field_fax`, `field_phone`, `field_monicaHindenBio`, `field_chrisMckennaBio`, `field_whatIsAWeeBeastie`, `field_aboutTheCompany`, `field_workType`, `field_videoCategories`, `dateCreated`, `dateUpdated`, `uid`) VALUES ('30', '30', 'en_us', 'coffee run', NULL, NULL, NULL, NULL, NULL, NULL, NULL, NULL, NULL, NULL, NULL, NULL, NULL, NULL, '2015-02-06 14:22:09', '2015-02-17 14:55:05', 'f1741dda-d062-4cc2-a084-47fb49cc7c07');
INSERT INTO `craft_content` (`id`, `elementId`, `locale`, `title`, `field_body`, `field_videoCategory`, `field_client`, `field_projectName`, `field_email`, `field_address`, `field_fax`, `field_phone`, `field_monicaHindenBio`, `field_chrisMckennaBio`, `field_whatIsAWeeBeastie`, `field_aboutTheCompany`, `field_workType`, `field_videoCategories`, `dateCreated`, `dateUpdated`, `uid`) VALUES ('31', '31', 'en_us', 'screenshot-test', NULL, NULL, NULL, NULL, NULL, NULL, NULL, NULL, NULL, NULL, NULL, NULL, NULL, NULL, '2015-02-06 14:22:10', '2015-04-01 22:41:09', 'bfded528-2029-46c0-a90c-86209833fe09');
INSERT INTO `craft_content` (`id`, `elementId`, `locale`, `title`, `field_body`, `field_videoCategory`, `field_client`, `field_projectName`, `field_email`, `field_address`, `field_fax`, `field_phone`, `field_monicaHindenBio`, `field_chrisMckennaBio`, `field_whatIsAWeeBeastie`, `field_aboutTheCompany`, `field_workType`, `field_videoCategories`, `dateCreated`, `dateUpdated`, `uid`) VALUES ('32', '32', 'en_us', 'nasville webstill3-306x172', NULL, NULL, NULL, NULL, NULL, NULL, NULL, NULL, NULL, NULL, NULL, NULL, NULL, NULL, '2015-02-09 13:29:41', '2015-04-01 22:41:09', 'cc312984-5537-46f0-a272-1681b4989c9d');
INSERT INTO `craft_content` (`id`, `elementId`, `locale`, `title`, `field_body`, `field_videoCategory`, `field_client`, `field_projectName`, `field_email`, `field_address`, `field_fax`, `field_phone`, `field_monicaHindenBio`, `field_chrisMckennaBio`, `field_whatIsAWeeBeastie`, `field_aboutTheCompany`, `field_workType`, `field_videoCategories`, `dateCreated`, `dateUpdated`, `uid`) VALUES ('33', '33', 'en_us', 'Nashville Samsung ABC', NULL, 'Co-Branded', 'ABC and Samsung', 'Nashville', NULL, NULL, NULL, NULL, NULL, NULL, NULL, NULL, NULL, NULL, '2015-02-09 13:30:20', '2015-02-09 13:30:20', '3645bb18-6861-4039-a992-b2481357b6cf');
INSERT INTO `craft_content` (`id`, `elementId`, `locale`, `title`, `field_body`, `field_videoCategory`, `field_client`, `field_projectName`, `field_email`, `field_address`, `field_fax`, `field_phone`, `field_monicaHindenBio`, `field_chrisMckennaBio`, `field_whatIsAWeeBeastie`, `field_aboutTheCompany`, `field_workType`, `field_videoCategories`, `dateCreated`, `dateUpdated`, `uid`) VALUES ('34', '34', 'en_us', 'ABC-LEXUS-CHICAGO-POSTER-306x172', NULL, NULL, NULL, NULL, NULL, NULL, NULL, NULL, NULL, NULL, NULL, NULL, NULL, NULL, '2015-02-09 13:43:00', '2015-04-01 22:41:07', 'faf33cbe-27a0-4b0d-a38e-7d9353426b6e');
INSERT INTO `craft_content` (`id`, `elementId`, `locale`, `title`, `field_body`, `field_videoCategory`, `field_client`, `field_projectName`, `field_email`, `field_address`, `field_fax`, `field_phone`, `field_monicaHindenBio`, `field_chrisMckennaBio`, `field_whatIsAWeeBeastie`, `field_aboutTheCompany`, `field_workType`, `field_videoCategories`, `dateCreated`, `dateUpdated`, `uid`) VALUES ('35', '35', 'en_us', 'ABC Lexus', NULL, 'Co-Branded', 'ABC and Lexus', 'Betrayal and Revent', NULL, NULL, NULL, NULL, NULL, NULL, NULL, NULL, NULL, NULL, '2015-02-09 13:43:11', '2015-02-13 14:47:06', 'ab12625c-28b0-454f-acd8-59be61516893');
INSERT INTO `craft_content` (`id`, `elementId`, `locale`, `title`, `field_body`, `field_videoCategory`, `field_client`, `field_projectName`, `field_email`, `field_address`, `field_fax`, `field_phone`, `field_monicaHindenBio`, `field_chrisMckennaBio`, `field_whatIsAWeeBeastie`, `field_aboutTheCompany`, `field_workType`, `field_videoCategories`, `dateCreated`, `dateUpdated`, `uid`) VALUES ('36', '36', 'en_us', 'wendys-still-copy-306x172', NULL, NULL, NULL, NULL, NULL, NULL, NULL, NULL, NULL, NULL, NULL, NULL, NULL, NULL, '2015-02-10 13:45:04', '2015-04-01 22:41:10', '7327c9e0-314c-4c4b-a0d3-d41c61003451');
INSERT INTO `craft_content` (`id`, `elementId`, `locale`, `title`, `field_body`, `field_videoCategory`, `field_client`, `field_projectName`, `field_email`, `field_address`, `field_fax`, `field_phone`, `field_monicaHindenBio`, `field_chrisMckennaBio`, `field_whatIsAWeeBeastie`, `field_aboutTheCompany`, `field_workType`, `field_videoCategories`, `dateCreated`, `dateUpdated`, `uid`) VALUES ('37', '37', 'en_us', 'A&E Wendy\'s Shipping Wars', '', 'Automotive', 'A&E and Wendy\'s', 'Shipping Wars', NULL, NULL, NULL, NULL, NULL, NULL, NULL, NULL, NULL, '[\"Automotive\",\"Co-Branded\"]', '2015-02-10 13:45:27', '2015-04-01 23:11:27', '9ffdbd20-433b-40db-b522-b872c9b0f473');
INSERT INTO `craft_content` (`id`, `elementId`, `locale`, `title`, `field_body`, `field_videoCategory`, `field_client`, `field_projectName`, `field_email`, `field_address`, `field_fax`, `field_phone`, `field_monicaHindenBio`, `field_chrisMckennaBio`, `field_whatIsAWeeBeastie`, `field_aboutTheCompany`, `field_workType`, `field_videoCategories`, `dateCreated`, `dateUpdated`, `uid`) VALUES ('38', '38', 'en_us', 'coffee-run', NULL, NULL, NULL, NULL, NULL, NULL, NULL, NULL, NULL, NULL, NULL, NULL, NULL, NULL, '2015-02-17 14:04:53', '2015-04-01 22:41:08', '9dd7a52b-0b6c-4d4f-8f96-969f425a0304');
INSERT INTO `craft_content` (`id`, `elementId`, `locale`, `title`, `field_body`, `field_videoCategory`, `field_client`, `field_projectName`, `field_email`, `field_address`, `field_fax`, `field_phone`, `field_monicaHindenBio`, `field_chrisMckennaBio`, `field_whatIsAWeeBeastie`, `field_aboutTheCompany`, `field_workType`, `field_videoCategories`, `dateCreated`, `dateUpdated`, `uid`) VALUES ('39', '39', 'en_us', 'Chiller.tv Coffee Run', NULL, 'Launch', 'Chiller', 'Coffee Run', NULL, NULL, NULL, NULL, NULL, NULL, NULL, NULL, NULL, NULL, '2015-02-17 14:05:17', '2015-02-17 14:05:17', 'd40e009c-203d-4ec3-9d4f-5a22520f366d');
INSERT INTO `craft_content` (`id`, `elementId`, `locale`, `title`, `field_body`, `field_videoCategory`, `field_client`, `field_projectName`, `field_email`, `field_address`, `field_fax`, `field_phone`, `field_monicaHindenBio`, `field_chrisMckennaBio`, `field_whatIsAWeeBeastie`, `field_aboutTheCompany`, `field_workType`, `field_videoCategories`, `dateCreated`, `dateUpdated`, `uid`) VALUES ('40', '40', 'en_us', 'Discovery Playstation', NULL, NULL, NULL, NULL, NULL, NULL, NULL, NULL, NULL, NULL, NULL, NULL, NULL, NULL, '2015-03-13 13:20:05', '2015-03-13 13:20:05', 'b69a13b7-4257-4372-be12-1630bf607ea1');
INSERT INTO `craft_content` (`id`, `elementId`, `locale`, `title`, `field_body`, `field_videoCategory`, `field_client`, `field_projectName`, `field_email`, `field_address`, `field_fax`, `field_phone`, `field_monicaHindenBio`, `field_chrisMckennaBio`, `field_whatIsAWeeBeastie`, `field_aboutTheCompany`, `field_workType`, `field_videoCategories`, `dateCreated`, `dateUpdated`, `uid`) VALUES ('41', '41', 'en_us', 'ogg-sample', NULL, NULL, NULL, NULL, NULL, NULL, NULL, NULL, NULL, NULL, NULL, NULL, NULL, NULL, '2015-03-13 13:20:26', '2015-03-13 13:20:26', 'e424f0ad-cafb-49a7-8339-75ec83227230');
INSERT INTO `craft_content` (`id`, `elementId`, `locale`, `title`, `field_body`, `field_videoCategory`, `field_client`, `field_projectName`, `field_email`, `field_address`, `field_fax`, `field_phone`, `field_monicaHindenBio`, `field_chrisMckennaBio`, `field_whatIsAWeeBeastie`, `field_aboutTheCompany`, `field_workType`, `field_videoCategories`, `dateCreated`, `dateUpdated`, `uid`) VALUES ('42', '42', 'en_us', 'Discovery-Playstation', NULL, NULL, NULL, NULL, NULL, NULL, NULL, NULL, NULL, NULL, NULL, NULL, NULL, NULL, '2015-03-13 13:20:53', '2015-04-01 22:41:09', '09c05729-e813-43e3-b227-b2c15614a664');
INSERT INTO `craft_content` (`id`, `elementId`, `locale`, `title`, `field_body`, `field_videoCategory`, `field_client`, `field_projectName`, `field_email`, `field_address`, `field_fax`, `field_phone`, `field_monicaHindenBio`, `field_chrisMckennaBio`, `field_whatIsAWeeBeastie`, `field_aboutTheCompany`, `field_workType`, `field_videoCategories`, `dateCreated`, `dateUpdated`, `uid`) VALUES ('43', '43', 'en_us', 'Test From Denizen', '', 'Co-Branded', 'Company', 'Placeholder Project Name', NULL, NULL, NULL, NULL, NULL, NULL, NULL, NULL, NULL, NULL, '2015-03-13 13:21:09', '2015-03-31 12:24:29', '95353367-ffac-478b-9f66-815c8ed56512');
INSERT INTO `craft_content` (`id`, `elementId`, `locale`, `title`, `field_body`, `field_videoCategory`, `field_client`, `field_projectName`, `field_email`, `field_address`, `field_fax`, `field_phone`, `field_monicaHindenBio`, `field_chrisMckennaBio`, `field_whatIsAWeeBeastie`, `field_aboutTheCompany`, `field_workType`, `field_videoCategories`, `dateCreated`, `dateUpdated`, `uid`) VALUES ('44', '44', 'en_us', 'Discovery 3 Days to Kill', NULL, NULL, NULL, NULL, NULL, NULL, NULL, NULL, NULL, NULL, NULL, NULL, NULL, NULL, '2015-03-23 12:32:04', '2015-03-23 12:32:04', 'bd07ec9e-72fc-4e1e-8566-4c6c632aea57');
INSERT INTO `craft_content` (`id`, `elementId`, `locale`, `title`, `field_body`, `field_videoCategory`, `field_client`, `field_projectName`, `field_email`, `field_address`, `field_fax`, `field_phone`, `field_monicaHindenBio`, `field_chrisMckennaBio`, `field_whatIsAWeeBeastie`, `field_aboutTheCompany`, `field_workType`, `field_videoCategories`, `dateCreated`, `dateUpdated`, `uid`) VALUES ('45', '45', 'en_us', 'Size Test', NULL, 'Automotive', 'Me Myself', 'Denizen Video', NULL, NULL, NULL, NULL, NULL, NULL, NULL, NULL, NULL, NULL, '2015-03-23 12:32:12', '2015-03-31 13:20:56', 'f0277d58-e092-48a6-862e-cc1d9306b9c4');
INSERT INTO `craft_content` (`id`, `elementId`, `locale`, `title`, `field_body`, `field_videoCategory`, `field_client`, `field_projectName`, `field_email`, `field_address`, `field_fax`, `field_phone`, `field_monicaHindenBio`, `field_chrisMckennaBio`, `field_whatIsAWeeBeastie`, `field_aboutTheCompany`, `field_workType`, `field_videoCategories`, `dateCreated`, `dateUpdated`, `uid`) VALUES ('46', '46', 'en_us', 'Stalked still', NULL, NULL, NULL, NULL, NULL, NULL, NULL, NULL, NULL, NULL, NULL, NULL, NULL, NULL, '2015-03-26 02:11:22', '2015-04-01 22:41:09', '149db6f3-89bb-4417-8c7a-a44fc11cf503');



DROP TABLE IF EXISTS `craft_deprecationerrors`;


--
-- Schema for table `craft_deprecationerrors`
--
CREATE TABLE `craft_deprecationerrors` (
  `id` int(11) NOT NULL AUTO_INCREMENT,
  `key` varchar(255) COLLATE utf8_unicode_ci NOT NULL,
  `fingerprint` varchar(255) COLLATE utf8_unicode_ci NOT NULL,
  `lastOccurrence` datetime NOT NULL,
  `file` varchar(255) COLLATE utf8_unicode_ci NOT NULL,
  `line` smallint(6) unsigned NOT NULL,
  `class` varchar(255) COLLATE utf8_unicode_ci DEFAULT NULL,
  `method` varchar(255) COLLATE utf8_unicode_ci DEFAULT NULL,
  `template` varchar(255) COLLATE utf8_unicode_ci DEFAULT NULL,
  `templateLine` smallint(6) unsigned DEFAULT NULL,
  `message` varchar(255) COLLATE utf8_unicode_ci DEFAULT NULL,
  `traces` text COLLATE utf8_unicode_ci,
  `dateCreated` datetime NOT NULL,
  `dateUpdated` datetime NOT NULL,
  `uid` char(36) COLLATE utf8_unicode_ci NOT NULL DEFAULT '0',
  PRIMARY KEY (`id`),
  UNIQUE KEY `craft_deprecationerrors_key_fingerprint_unq_idx` (`key`,`fingerprint`)
) ENGINE=InnoDB DEFAULT CHARSET=utf8 COLLATE=utf8_unicode_ci;

DROP TABLE IF EXISTS `craft_elements`;


--
-- Schema for table `craft_elements`
--
CREATE TABLE `craft_elements` (
  `id` int(11) NOT NULL AUTO_INCREMENT,
  `type` varchar(150) COLLATE utf8_unicode_ci NOT NULL,
  `enabled` tinyint(1) unsigned NOT NULL DEFAULT '1',
  `archived` tinyint(1) unsigned NOT NULL DEFAULT '0',
  `dateCreated` datetime NOT NULL,
  `dateUpdated` datetime NOT NULL,
  `uid` char(36) COLLATE utf8_unicode_ci NOT NULL DEFAULT '0',
  PRIMARY KEY (`id`),
  KEY `craft_elements_type_idx` (`type`),
  KEY `craft_elements_enabled_idx` (`enabled`),
  KEY `craft_elements_archived_dateCreated_idx` (`archived`,`dateCreated`)
) ENGINE=InnoDB AUTO_INCREMENT=47 DEFAULT CHARSET=utf8 COLLATE=utf8_unicode_ci;

--
-- Data for table `craft_elements`
--

INSERT INTO `craft_elements` (`id`, `type`, `enabled`, `archived`, `dateCreated`, `dateUpdated`, `uid`) VALUES ('1', 'User', '1', '0', '2015-01-15 18:31:43', '2015-01-15 18:31:43', '3f3110f9-e6bb-408b-b74e-86a33f7618ff');
INSERT INTO `craft_elements` (`id`, `type`, `enabled`, `archived`, `dateCreated`, `dateUpdated`, `uid`) VALUES ('2', 'Entry', '1', '0', '2015-01-15 18:31:47', '2015-02-17 14:07:25', 'b40dc672-cf78-4c20-86e5-019dcf87ea9c');
INSERT INTO `craft_elements` (`id`, `type`, `enabled`, `archived`, `dateCreated`, `dateUpdated`, `uid`) VALUES ('3', 'Entry', '0', '0', '2015-01-15 18:31:48', '2015-01-29 14:18:56', '7b6c31aa-dcc0-46d9-9ad1-6f11b9218c62');
INSERT INTO `craft_elements` (`id`, `type`, `enabled`, `archived`, `dateCreated`, `dateUpdated`, `uid`) VALUES ('4', 'GlobalSet', '1', '0', '2015-01-27 16:33:12', '2015-01-27 16:37:05', '9e915fcd-8220-4849-ad1a-4c7a57ee6518');
INSERT INTO `craft_elements` (`id`, `type`, `enabled`, `archived`, `dateCreated`, `dateUpdated`, `uid`) VALUES ('5', 'Entry', '1', '0', '2015-01-27 16:56:56', '2015-04-02 12:33:33', '4ae1218c-afb4-4ff6-9cf5-0150f51ac613');
INSERT INTO `craft_elements` (`id`, `type`, `enabled`, `archived`, `dateCreated`, `dateUpdated`, `uid`) VALUES ('6', 'Entry', '1', '0', '2015-01-27 17:00:43', '2015-03-26 01:49:22', '5abeaef0-427b-4111-a198-5349e07c54e0');
INSERT INTO `craft_elements` (`id`, `type`, `enabled`, `archived`, `dateCreated`, `dateUpdated`, `uid`) VALUES ('7', 'Entry', '1', '0', '2015-01-27 17:06:00', '2015-01-27 23:25:45', '19052aac-6f69-4c75-9234-6b7599341090');
INSERT INTO `craft_elements` (`id`, `type`, `enabled`, `archived`, `dateCreated`, `dateUpdated`, `uid`) VALUES ('8', 'Asset', '1', '0', '2015-01-27 22:53:24', '2015-03-31 12:25:11', '15912a63-4ff2-4913-9b6f-498980aab6a8');
INSERT INTO `craft_elements` (`id`, `type`, `enabled`, `archived`, `dateCreated`, `dateUpdated`, `uid`) VALUES ('9', 'Entry', '1', '0', '2015-01-28 14:03:09', '2015-01-28 14:08:09', '11ad4f7a-98b2-4c40-b515-d17c4e8a362f');
INSERT INTO `craft_elements` (`id`, `type`, `enabled`, `archived`, `dateCreated`, `dateUpdated`, `uid`) VALUES ('10', 'Entry', '1', '0', '2015-01-28 14:06:28', '2015-03-17 13:16:46', '83a0999c-892d-4c65-8f9c-a645f640967e');
INSERT INTO `craft_elements` (`id`, `type`, `enabled`, `archived`, `dateCreated`, `dateUpdated`, `uid`) VALUES ('11', 'Entry', '1', '0', '2015-01-28 14:09:05', '2015-01-28 14:09:05', '824498d8-5770-4f20-ac8e-75efb8703f36');
INSERT INTO `craft_elements` (`id`, `type`, `enabled`, `archived`, `dateCreated`, `dateUpdated`, `uid`) VALUES ('12', 'Entry', '1', '0', '2015-01-28 14:10:18', '2015-01-28 14:10:18', 'ca833224-9b21-400f-8d78-73288817f829');
INSERT INTO `craft_elements` (`id`, `type`, `enabled`, `archived`, `dateCreated`, `dateUpdated`, `uid`) VALUES ('13', 'Entry', '1', '0', '2015-01-28 14:11:27', '2015-03-17 13:07:48', 'b7975fca-7bd5-4d5a-8862-e3e2a01ac5b5');
INSERT INTO `craft_elements` (`id`, `type`, `enabled`, `archived`, `dateCreated`, `dateUpdated`, `uid`) VALUES ('14', 'Entry', '1', '0', '2015-01-29 14:03:00', '2015-02-17 14:38:22', 'e805f8bc-0390-463e-bec1-1f3aff4ca1b5');
INSERT INTO `craft_elements` (`id`, `type`, `enabled`, `archived`, `dateCreated`, `dateUpdated`, `uid`) VALUES ('15', 'Entry', '1', '0', '2015-01-29 14:18:39', '2015-02-17 14:29:57', '4dbb765d-df8b-4f52-b898-90a374f620f8');
INSERT INTO `craft_elements` (`id`, `type`, `enabled`, `archived`, `dateCreated`, `dateUpdated`, `uid`) VALUES ('16', 'Entry', '1', '0', '2015-01-30 14:12:55', '2015-02-17 14:37:50', '51eb7578-b183-432c-b368-2a740b6a0569');
INSERT INTO `craft_elements` (`id`, `type`, `enabled`, `archived`, `dateCreated`, `dateUpdated`, `uid`) VALUES ('17', 'Entry', '1', '0', '2015-01-30 14:14:42', '2015-02-17 14:38:08', 'b324a9c3-308b-49d3-9c6b-684969356f63');
INSERT INTO `craft_elements` (`id`, `type`, `enabled`, `archived`, `dateCreated`, `dateUpdated`, `uid`) VALUES ('18', 'Entry', '1', '0', '2015-02-06 14:20:40', '2015-02-13 14:40:01', 'ea0f1e05-9f8b-47af-bdc5-b671cb53d5ba');
INSERT INTO `craft_elements` (`id`, `type`, `enabled`, `archived`, `dateCreated`, `dateUpdated`, `uid`) VALUES ('19', 'Asset', '1', '0', '2015-02-06 14:22:06', '2015-02-17 14:55:08', 'ad3fb901-f63f-4b00-93b3-376e49cbc92c');
INSERT INTO `craft_elements` (`id`, `type`, `enabled`, `archived`, `dateCreated`, `dateUpdated`, `uid`) VALUES ('20', 'Asset', '1', '0', '2015-02-06 14:22:06', '2015-02-17 14:55:09', '4acb2240-8ed2-4f7a-8c86-06741c582c13');
INSERT INTO `craft_elements` (`id`, `type`, `enabled`, `archived`, `dateCreated`, `dateUpdated`, `uid`) VALUES ('21', 'Asset', '1', '0', '2015-02-06 14:22:07', '2015-02-17 14:55:08', 'b9e3fb10-68d1-476c-beb2-d76188892661');
INSERT INTO `craft_elements` (`id`, `type`, `enabled`, `archived`, `dateCreated`, `dateUpdated`, `uid`) VALUES ('22', 'Asset', '1', '0', '2015-02-06 14:22:07', '2015-02-17 14:55:09', '01c74242-2d2b-482d-90fa-f718349a6f79');
INSERT INTO `craft_elements` (`id`, `type`, `enabled`, `archived`, `dateCreated`, `dateUpdated`, `uid`) VALUES ('23', 'Asset', '1', '0', '2015-02-06 14:22:07', '2015-02-17 14:55:09', '3a69bd0e-99d7-4713-b48f-d3bae8604a2d');
INSERT INTO `craft_elements` (`id`, `type`, `enabled`, `archived`, `dateCreated`, `dateUpdated`, `uid`) VALUES ('24', 'Asset', '1', '0', '2015-02-06 14:22:07', '2015-02-17 14:55:09', 'd5bd4c84-52ab-442c-8b5a-25ce5d6c08da');
INSERT INTO `craft_elements` (`id`, `type`, `enabled`, `archived`, `dateCreated`, `dateUpdated`, `uid`) VALUES ('25', 'Asset', '1', '0', '2015-02-06 14:22:08', '2015-02-17 14:55:04', 'cbda9577-2e9a-4f08-a052-82952446d968');
INSERT INTO `craft_elements` (`id`, `type`, `enabled`, `archived`, `dateCreated`, `dateUpdated`, `uid`) VALUES ('26', 'Asset', '1', '0', '2015-02-06 14:22:08', '2015-02-17 14:55:05', '376fe39d-11fb-4526-aab2-877ad9708727');
INSERT INTO `craft_elements` (`id`, `type`, `enabled`, `archived`, `dateCreated`, `dateUpdated`, `uid`) VALUES ('27', 'Asset', '1', '0', '2015-02-06 14:22:08', '2015-02-17 14:55:05', '1088dcc3-5e76-4a52-8664-a699583ea2d5');
INSERT INTO `craft_elements` (`id`, `type`, `enabled`, `archived`, `dateCreated`, `dateUpdated`, `uid`) VALUES ('28', 'Asset', '1', '0', '2015-02-06 14:22:09', '2015-02-17 14:55:05', '0f1e89df-3f7f-437a-8530-b154b4250e45');
INSERT INTO `craft_elements` (`id`, `type`, `enabled`, `archived`, `dateCreated`, `dateUpdated`, `uid`) VALUES ('29', 'Asset', '1', '0', '2015-02-06 14:22:09', '2015-02-17 14:55:05', '41a710b3-0ae3-45c6-81bb-6b33be724af9');
INSERT INTO `craft_elements` (`id`, `type`, `enabled`, `archived`, `dateCreated`, `dateUpdated`, `uid`) VALUES ('30', 'Asset', '1', '0', '2015-02-06 14:22:09', '2015-02-17 14:55:05', '6fd4dcee-2977-4660-8987-a8116b90f3a6');
INSERT INTO `craft_elements` (`id`, `type`, `enabled`, `archived`, `dateCreated`, `dateUpdated`, `uid`) VALUES ('31', 'Asset', '1', '0', '2015-02-06 14:22:10', '2015-04-01 22:41:09', '9573c2f4-4dee-4d50-945f-d4fb1288837d');
INSERT INTO `craft_elements` (`id`, `type`, `enabled`, `archived`, `dateCreated`, `dateUpdated`, `uid`) VALUES ('32', 'Asset', '1', '0', '2015-02-09 13:29:41', '2015-04-01 22:41:09', '39df5ea9-4bd2-4d83-a90a-a131b1e3cd75');
INSERT INTO `craft_elements` (`id`, `type`, `enabled`, `archived`, `dateCreated`, `dateUpdated`, `uid`) VALUES ('33', 'Entry', '1', '0', '2015-02-09 13:30:20', '2015-02-09 13:30:20', '4e8e9690-ceb1-4a94-ab7f-05a65c0d54f3');
INSERT INTO `craft_elements` (`id`, `type`, `enabled`, `archived`, `dateCreated`, `dateUpdated`, `uid`) VALUES ('34', 'Asset', '1', '0', '2015-02-09 13:43:00', '2015-04-01 22:41:07', '100f8ce6-c12a-4f21-961a-8fa25eade1cd');
INSERT INTO `craft_elements` (`id`, `type`, `enabled`, `archived`, `dateCreated`, `dateUpdated`, `uid`) VALUES ('35', 'Entry', '1', '0', '2015-02-09 13:43:11', '2015-02-13 14:47:06', '63ebf893-7b04-43dd-b700-d39ea14b5fc3');
INSERT INTO `craft_elements` (`id`, `type`, `enabled`, `archived`, `dateCreated`, `dateUpdated`, `uid`) VALUES ('36', 'Asset', '1', '0', '2015-02-10 13:45:04', '2015-04-01 22:41:10', '3159d7c8-00ce-44e3-9d20-27215ee0c112');
INSERT INTO `craft_elements` (`id`, `type`, `enabled`, `archived`, `dateCreated`, `dateUpdated`, `uid`) VALUES ('37', 'Entry', '1', '0', '2015-02-10 13:45:27', '2015-04-01 23:11:27', 'd420f236-b788-47ac-90b2-dbf5c9ff7767');
INSERT INTO `craft_elements` (`id`, `type`, `enabled`, `archived`, `dateCreated`, `dateUpdated`, `uid`) VALUES ('38', 'Asset', '1', '0', '2015-02-17 14:04:53', '2015-04-01 22:41:08', 'd941edff-848e-4edb-afaa-3343ce796798');
INSERT INTO `craft_elements` (`id`, `type`, `enabled`, `archived`, `dateCreated`, `dateUpdated`, `uid`) VALUES ('39', 'Entry', '1', '0', '2015-02-17 14:05:17', '2015-02-17 14:05:17', 'd6b93370-be36-4ba6-b88b-a75052b7c134');
INSERT INTO `craft_elements` (`id`, `type`, `enabled`, `archived`, `dateCreated`, `dateUpdated`, `uid`) VALUES ('40', 'Asset', '1', '0', '2015-03-13 13:20:05', '2015-03-13 13:20:05', 'a4d4ab17-58fa-40c8-9a2e-379c9fb2a11a');
INSERT INTO `craft_elements` (`id`, `type`, `enabled`, `archived`, `dateCreated`, `dateUpdated`, `uid`) VALUES ('41', 'Asset', '1', '0', '2015-03-13 13:20:26', '2015-03-13 13:20:26', '830cdcd0-5cd4-440d-b075-c41d0bbeac2d');
INSERT INTO `craft_elements` (`id`, `type`, `enabled`, `archived`, `dateCreated`, `dateUpdated`, `uid`) VALUES ('42', 'Asset', '1', '0', '2015-03-13 13:20:53', '2015-04-01 22:41:09', '71b72e7c-f3bd-4992-8d68-bf0c999af6df');
INSERT INTO `craft_elements` (`id`, `type`, `enabled`, `archived`, `dateCreated`, `dateUpdated`, `uid`) VALUES ('43', 'Entry', '1', '0', '2015-03-13 13:21:09', '2015-03-31 12:24:29', 'c623af8a-07bb-43aa-bd0b-0d8c817e9ba5');
INSERT INTO `craft_elements` (`id`, `type`, `enabled`, `archived`, `dateCreated`, `dateUpdated`, `uid`) VALUES ('44', 'Asset', '1', '0', '2015-03-23 12:32:04', '2015-03-23 12:32:04', 'd9919706-943e-456f-8f09-cc022866d38b');
INSERT INTO `craft_elements` (`id`, `type`, `enabled`, `archived`, `dateCreated`, `dateUpdated`, `uid`) VALUES ('45', 'Entry', '1', '0', '2015-03-23 12:32:12', '2015-03-31 13:20:56', 'f4a0084a-c5a4-466b-baca-2e2f72e203b6');
INSERT INTO `craft_elements` (`id`, `type`, `enabled`, `archived`, `dateCreated`, `dateUpdated`, `uid`) VALUES ('46', 'Asset', '1', '0', '2015-03-26 02:11:22', '2015-04-01 22:41:09', '76861ca6-25b7-4929-9751-dcc37dd6c6da');



DROP TABLE IF EXISTS `craft_elements_i18n`;


--
-- Schema for table `craft_elements_i18n`
--
CREATE TABLE `craft_elements_i18n` (
  `id` int(11) NOT NULL AUTO_INCREMENT,
  `elementId` int(11) NOT NULL,
  `locale` char(12) COLLATE utf8_unicode_ci NOT NULL,
  `slug` varchar(255) COLLATE utf8_unicode_ci DEFAULT NULL,
  `uri` varchar(255) COLLATE utf8_unicode_ci DEFAULT NULL,
  `enabled` tinyint(1) unsigned NOT NULL DEFAULT '1',
  `dateCreated` datetime NOT NULL,
  `dateUpdated` datetime NOT NULL,
  `uid` char(36) COLLATE utf8_unicode_ci NOT NULL DEFAULT '0',
  PRIMARY KEY (`id`),
  UNIQUE KEY `craft_elements_i18n_elementId_locale_unq_idx` (`elementId`,`locale`),
  UNIQUE KEY `craft_elements_i18n_uri_locale_unq_idx` (`uri`,`locale`),
  KEY `craft_elements_i18n_slug_locale_idx` (`slug`,`locale`),
  KEY `craft_elements_i18n_enabled_idx` (`enabled`),
  KEY `craft_elements_i18n_locale_fk` (`locale`)
) ENGINE=InnoDB AUTO_INCREMENT=47 DEFAULT CHARSET=utf8 COLLATE=utf8_unicode_ci;

--
-- Data for table `craft_elements_i18n`
--

INSERT INTO `craft_elements_i18n` (`id`, `elementId`, `locale`, `slug`, `uri`, `enabled`, `dateCreated`, `dateUpdated`, `uid`) VALUES ('1', '1', 'en_us', '', NULL, '1', '2015-01-15 18:31:43', '2015-01-15 18:31:43', 'a3a86d60-049e-463a-aec5-ab116429f872');
INSERT INTO `craft_elements_i18n` (`id`, `elementId`, `locale`, `slug`, `uri`, `enabled`, `dateCreated`, `dateUpdated`, `uid`) VALUES ('2', '2', 'en_us', 'homepage', '__home__', '1', '2015-01-15 18:31:48', '2015-02-17 14:07:25', 'e2c07fd7-edcb-4728-85e6-e975de20c364');
INSERT INTO `craft_elements_i18n` (`id`, `elementId`, `locale`, `slug`, `uri`, `enabled`, `dateCreated`, `dateUpdated`, `uid`) VALUES ('3', '3', 'en_us', 'we-just-installed-craft', 'news/2015/we-just-installed-craft', '1', '2015-01-15 18:31:48', '2015-01-15 18:31:48', 'f50e2562-7c79-4e70-ac67-3b3b70f2e5b0');
INSERT INTO `craft_elements_i18n` (`id`, `elementId`, `locale`, `slug`, `uri`, `enabled`, `dateCreated`, `dateUpdated`, `uid`) VALUES ('4', '4', 'en_us', '', NULL, '1', '2015-01-27 16:33:13', '2015-01-27 16:37:05', '3d703f0e-5751-485b-86c0-1e3a0d253ccd');
INSERT INTO `craft_elements_i18n` (`id`, `elementId`, `locale`, `slug`, `uri`, `enabled`, `dateCreated`, `dateUpdated`, `uid`) VALUES ('5', '5', 'en_us', 'ourwork', 'our-work', '1', '2015-01-27 16:56:56', '2015-04-02 12:33:34', '85ea7fda-2a72-4468-8d7c-0c165c0fb5d3');
INSERT INTO `craft_elements_i18n` (`id`, `elementId`, `locale`, `slug`, `uri`, `enabled`, `dateCreated`, `dateUpdated`, `uid`) VALUES ('6', '6', 'en_us', 'directorspage', 'directors', '1', '2015-01-27 17:00:43', '2015-03-26 01:49:22', 'd1a031e7-70fb-4dd9-9c81-6866f0725ac3');
INSERT INTO `craft_elements_i18n` (`id`, `elementId`, `locale`, `slug`, `uri`, `enabled`, `dateCreated`, `dateUpdated`, `uid`) VALUES ('7', '7', 'en_us', 'about', 'about', '1', '2015-01-27 17:06:00', '2015-01-27 23:25:46', '70351d77-b096-41e7-8b3f-c1683d2d0bbc');
INSERT INTO `craft_elements_i18n` (`id`, `elementId`, `locale`, `slug`, `uri`, `enabled`, `dateCreated`, `dateUpdated`, `uid`) VALUES ('8', '8', 'en_us', 'weebeastie-company-photo', NULL, '1', '2015-01-27 22:53:24', '2015-03-31 12:25:11', '946ab00b-c30b-4edc-a9bf-59ef8ea373a6');
INSERT INTO `craft_elements_i18n` (`id`, `elementId`, `locale`, `slug`, `uri`, `enabled`, `dateCreated`, `dateUpdated`, `uid`) VALUES ('9', '9', 'en_us', 'chris-mckenna', 'directors/chris-mckenna', '1', '2015-01-28 14:03:09', '2015-01-28 14:08:09', '899719fc-ddc5-4365-994d-353621805def');
INSERT INTO `craft_elements_i18n` (`id`, `elementId`, `locale`, `slug`, `uri`, `enabled`, `dateCreated`, `dateUpdated`, `uid`) VALUES ('10', '10', 'en_us', 'lori-balaban', 'directors/lori-balaban', '1', '2015-01-28 14:06:28', '2015-03-17 13:16:46', '7a913aea-dc1c-4807-91fc-4b172f14d9e3');
INSERT INTO `craft_elements_i18n` (`id`, `elementId`, `locale`, `slug`, `uri`, `enabled`, `dateCreated`, `dateUpdated`, `uid`) VALUES ('11', '11', 'en_us', 'ronnie-krensel', 'directors/ronnie-krensel', '1', '2015-01-28 14:09:05', '2015-01-28 14:09:05', '46488752-b78b-4bbe-8a4d-c07968e6a769');
INSERT INTO `craft_elements_i18n` (`id`, `elementId`, `locale`, `slug`, `uri`, `enabled`, `dateCreated`, `dateUpdated`, `uid`) VALUES ('12', '12', 'en_us', 'jr-soldano', 'directors/jr-soldano', '1', '2015-01-28 14:10:18', '2015-01-28 14:10:18', 'ba8ea3e3-8367-42bc-8f34-a5457eeb11fc');
INSERT INTO `craft_elements_i18n` (`id`, `elementId`, `locale`, `slug`, `uri`, `enabled`, `dateCreated`, `dateUpdated`, `uid`) VALUES ('13', '13', 'en_us', 'alan-william-harris', 'directors/alan-william-harris', '1', '2015-01-28 14:11:27', '2015-03-17 13:07:48', 'ffba6bbc-36dc-4c6c-84c1-039908ce42f7');
INSERT INTO `craft_elements_i18n` (`id`, `elementId`, `locale`, `slug`, `uri`, `enabled`, `dateCreated`, `dateUpdated`, `uid`) VALUES ('14', '14', 'en_us', 'the-perfect-choice', 'news/2014/the-perfect-choice', '1', '2015-01-29 14:03:01', '2015-02-17 14:38:22', '0d8a4e65-7920-4b05-b41d-bd5fba579b8c');
INSERT INTO `craft_elements_i18n` (`id`, `elementId`, `locale`, `slug`, `uri`, `enabled`, `dateCreated`, `dateUpdated`, `uid`) VALUES ('15', '15', 'en_us', 'chucks-eat-the-street', 'news/2013/chucks-eat-the-street', '1', '2015-01-29 14:18:39', '2015-02-17 14:29:58', '0a188458-79ad-4e8a-b5eb-3ba30191504e');
INSERT INTO `craft_elements_i18n` (`id`, `elementId`, `locale`, `slug`, `uri`, `enabled`, `dateCreated`, `dateUpdated`, `uid`) VALUES ('16', '16', 'en_us', 'coppertone', 'news/2013/coppertone', '1', '2015-01-30 14:12:56', '2015-02-17 14:37:50', '47fb6ca7-9c7f-464d-8cc5-b0cb9d5de2c0');
INSERT INTO `craft_elements_i18n` (`id`, `elementId`, `locale`, `slug`, `uri`, `enabled`, `dateCreated`, `dateUpdated`, `uid`) VALUES ('17', '17', 'en_us', 'life-is-funny', 'news/2013/life-is-funny', '1', '2015-01-30 14:14:42', '2015-02-17 14:38:08', '2e85552a-b5f0-4edd-aa39-37c70ab5247c');
INSERT INTO `craft_elements_i18n` (`id`, `elementId`, `locale`, `slug`, `uri`, `enabled`, `dateCreated`, `dateUpdated`, `uid`) VALUES ('18', '18', 'en_us', 'the-walking-dead', 'work/the-walking-dead', '1', '2015-02-06 14:20:41', '2015-02-13 14:40:02', '1b6a9b2a-4a46-417b-b3d2-4db20c62d30d');
INSERT INTO `craft_elements_i18n` (`id`, `elementId`, `locale`, `slug`, `uri`, `enabled`, `dateCreated`, `dateUpdated`, `uid`) VALUES ('19', '19', 'en_us', '2940-abc-lexus-v-3-directorcut-final-website-reel', NULL, '1', '2015-02-06 14:22:06', '2015-02-17 14:55:08', '6b53bddb-73d0-45f9-a2d9-165ac2d57b5a');
INSERT INTO `craft_elements_i18n` (`id`, `elementId`, `locale`, `slug`, `uri`, `enabled`, `dateCreated`, `dateUpdated`, `uid`) VALUES ('20', '20', 'en_us', 'abc-nashville-samsung-ftp-reel', NULL, '1', '2015-02-06 14:22:06', '2015-02-17 14:55:09', 'f5b0917b-6cf6-4b6b-a971-b5cd643e5c82');
INSERT INTO `craft_elements_i18n` (`id`, `elementId`, `locale`, `slug`, `uri`, `enabled`, `dateCreated`, `dateUpdated`, `uid`) VALUES ('21', '21', 'en_us', '2942-twd-dish-sundays-wb-website-reel', NULL, '1', '2015-02-06 14:22:07', '2015-02-17 14:55:08', '139ba441-a7a5-4497-91ce-31aed302539b');
INSERT INTO `craft_elements_i18n` (`id`, `elementId`, `locale`, `slug`, `uri`, `enabled`, `dateCreated`, `dateUpdated`, `uid`) VALUES ('22', '22', 'en_us', 'ae-shippingwars-wendys-website', NULL, '1', '2015-02-06 14:22:07', '2015-02-17 14:55:09', 'ad7e83bd-82b4-4997-bd19-e13b96ff8026');
INSERT INTO `craft_elements_i18n` (`id`, `elementId`, `locale`, `slug`, `uri`, `enabled`, `dateCreated`, `dateUpdated`, `uid`) VALUES ('23', '23', 'en_us', 'dish-twd-perks10-07', NULL, '1', '2015-02-06 14:22:07', '2015-02-17 14:55:09', 'b9a217a3-9eba-447c-83eb-a6dd7360ac59');
INSERT INTO `craft_elements_i18n` (`id`, `elementId`, `locale`, `slug`, `uri`, `enabled`, `dateCreated`, `dateUpdated`, `uid`) VALUES ('24', '24', 'en_us', 'coffee-run', NULL, '1', '2015-02-06 14:22:07', '2015-02-17 14:55:09', 'fec93454-59d5-4896-bd0c-14c87a4e5a3a');
INSERT INTO `craft_elements_i18n` (`id`, `elementId`, `locale`, `slug`, `uri`, `enabled`, `dateCreated`, `dateUpdated`, `uid`) VALUES ('25', '25', 'en_us', '2940-abc-lexus-directorcut-website', NULL, '1', '2015-02-06 14:22:08', '2015-02-17 14:55:04', '89f4c189-9b8e-4360-b249-c48c004a7b8d');
INSERT INTO `craft_elements_i18n` (`id`, `elementId`, `locale`, `slug`, `uri`, `enabled`, `dateCreated`, `dateUpdated`, `uid`) VALUES ('26', '26', 'en_us', 'ae-shippingwars-wendys-website', NULL, '1', '2015-02-06 14:22:08', '2015-02-17 14:55:05', 'ce7e6429-1c0b-4049-8296-92487e02b323');
INSERT INTO `craft_elements_i18n` (`id`, `elementId`, `locale`, `slug`, `uri`, `enabled`, `dateCreated`, `dateUpdated`, `uid`) VALUES ('27', '27', 'en_us', 'abc-nashville-samsung-ftp-reel', NULL, '1', '2015-02-06 14:22:08', '2015-02-17 14:55:05', 'cf1f235a-58d0-4690-b713-3f571e5d8dcb');
INSERT INTO `craft_elements_i18n` (`id`, `elementId`, `locale`, `slug`, `uri`, `enabled`, `dateCreated`, `dateUpdated`, `uid`) VALUES ('28', '28', 'en_us', '2942-twd-dish-sundays-wb-website-reel', NULL, '1', '2015-02-06 14:22:09', '2015-02-17 14:55:05', 'b041928a-1785-4f0b-975d-419e388097fa');
INSERT INTO `craft_elements_i18n` (`id`, `elementId`, `locale`, `slug`, `uri`, `enabled`, `dateCreated`, `dateUpdated`, `uid`) VALUES ('29', '29', 'en_us', 'dish-twd-perks10-07', NULL, '1', '2015-02-06 14:22:09', '2015-02-17 14:55:05', 'f0327ac9-8576-48c4-9b8f-6fcfb7c6f987');
INSERT INTO `craft_elements_i18n` (`id`, `elementId`, `locale`, `slug`, `uri`, `enabled`, `dateCreated`, `dateUpdated`, `uid`) VALUES ('30', '30', 'en_us', 'coffee-run', NULL, '1', '2015-02-06 14:22:09', '2015-02-17 14:55:05', 'd35e29a4-f334-4cf5-b1d5-e226f128d338');
INSERT INTO `craft_elements_i18n` (`id`, `elementId`, `locale`, `slug`, `uri`, `enabled`, `dateCreated`, `dateUpdated`, `uid`) VALUES ('31', '31', 'en_us', 'screenshot-test', NULL, '1', '2015-02-06 14:22:10', '2015-04-01 22:41:09', 'b4ca287f-ea8b-4ef9-a8b6-c0f827ad1d96');
INSERT INTO `craft_elements_i18n` (`id`, `elementId`, `locale`, `slug`, `uri`, `enabled`, `dateCreated`, `dateUpdated`, `uid`) VALUES ('32', '32', 'en_us', 'nasville-webstill3-306x172', NULL, '1', '2015-02-09 13:29:41', '2015-04-01 22:41:09', 'f91e0c1b-2ea0-4d34-ba6c-7073d9a79177');
INSERT INTO `craft_elements_i18n` (`id`, `elementId`, `locale`, `slug`, `uri`, `enabled`, `dateCreated`, `dateUpdated`, `uid`) VALUES ('33', '33', 'en_us', 'nashville-samsung-abc', 'work/nashville-samsung-abc', '1', '2015-02-09 13:30:20', '2015-02-09 13:30:20', 'c7aab90d-dfc4-46e9-9149-3a78f54c9199');
INSERT INTO `craft_elements_i18n` (`id`, `elementId`, `locale`, `slug`, `uri`, `enabled`, `dateCreated`, `dateUpdated`, `uid`) VALUES ('34', '34', 'en_us', 'abc-lexus-chicago-poster-306x172', NULL, '1', '2015-02-09 13:43:00', '2015-04-01 22:41:08', '3fcb0667-1de9-4680-b9cd-2ed16dfa781a');
INSERT INTO `craft_elements_i18n` (`id`, `elementId`, `locale`, `slug`, `uri`, `enabled`, `dateCreated`, `dateUpdated`, `uid`) VALUES ('35', '35', 'en_us', 'abc-lexus', 'work/abc-lexus', '1', '2015-02-09 13:43:11', '2015-02-13 14:47:06', 'edcbac86-9b56-4ec7-bcf4-287d6bf4bfd9');
INSERT INTO `craft_elements_i18n` (`id`, `elementId`, `locale`, `slug`, `uri`, `enabled`, `dateCreated`, `dateUpdated`, `uid`) VALUES ('36', '36', 'en_us', 'wendys-still-copy-306x172', NULL, '1', '2015-02-10 13:45:04', '2015-04-01 22:41:10', '9bff5a9d-2a0a-463a-a7c6-d43fa6d704ac');
INSERT INTO `craft_elements_i18n` (`id`, `elementId`, `locale`, `slug`, `uri`, `enabled`, `dateCreated`, `dateUpdated`, `uid`) VALUES ('37', '37', 'en_us', 'a-e-wendys-shipping-wars', 'work/a-e-wendys-shipping-wars', '1', '2015-02-10 13:45:27', '2015-04-01 23:11:27', '8e24c017-4b0a-4751-b4c3-894dc15e6f0d');
INSERT INTO `craft_elements_i18n` (`id`, `elementId`, `locale`, `slug`, `uri`, `enabled`, `dateCreated`, `dateUpdated`, `uid`) VALUES ('38', '38', 'en_us', 'coffee-run', NULL, '1', '2015-02-17 14:04:54', '2015-04-01 22:41:08', '300e7556-db0e-46d1-a455-409dca8dcd24');
INSERT INTO `craft_elements_i18n` (`id`, `elementId`, `locale`, `slug`, `uri`, `enabled`, `dateCreated`, `dateUpdated`, `uid`) VALUES ('39', '39', 'en_us', 'chiller-tv-coffee-run', 'work/chiller-tv-coffee-run', '1', '2015-02-17 14:05:17', '2015-02-17 14:05:17', 'f955efda-f89e-4afb-9193-41c4cfaa8ed9');
INSERT INTO `craft_elements_i18n` (`id`, `elementId`, `locale`, `slug`, `uri`, `enabled`, `dateCreated`, `dateUpdated`, `uid`) VALUES ('40', '40', 'en_us', 'discovery-playstation', NULL, '1', '2015-03-13 13:20:06', '2015-03-13 13:20:06', '0b65b1e8-a534-41c9-965e-8b75dbdbbaaf');
INSERT INTO `craft_elements_i18n` (`id`, `elementId`, `locale`, `slug`, `uri`, `enabled`, `dateCreated`, `dateUpdated`, `uid`) VALUES ('41', '41', 'en_us', 'ogg-sample', NULL, '1', '2015-03-13 13:20:26', '2015-03-13 13:20:26', '2c1577f9-3f8a-451d-b255-675cc976360a');
INSERT INTO `craft_elements_i18n` (`id`, `elementId`, `locale`, `slug`, `uri`, `enabled`, `dateCreated`, `dateUpdated`, `uid`) VALUES ('42', '42', 'en_us', 'discovery-playstation', NULL, '1', '2015-03-13 13:20:53', '2015-04-01 22:41:09', '9774f9df-c142-4ce9-8314-b37ff41461d0');
INSERT INTO `craft_elements_i18n` (`id`, `elementId`, `locale`, `slug`, `uri`, `enabled`, `dateCreated`, `dateUpdated`, `uid`) VALUES ('43', '43', 'en_us', 'test-from-denizen', 'work/test-from-denizen', '1', '2015-03-13 13:21:09', '2015-03-31 12:24:29', 'd0dd3f2e-55d8-4477-8d4b-f662b67b323b');
INSERT INTO `craft_elements_i18n` (`id`, `elementId`, `locale`, `slug`, `uri`, `enabled`, `dateCreated`, `dateUpdated`, `uid`) VALUES ('44', '44', 'en_us', 'discovery-3-days-to-kill', NULL, '1', '2015-03-23 12:32:04', '2015-03-23 12:32:04', '2e67dd76-e1f8-45a7-94f5-d709babcd7c9');
INSERT INTO `craft_elements_i18n` (`id`, `elementId`, `locale`, `slug`, `uri`, `enabled`, `dateCreated`, `dateUpdated`, `uid`) VALUES ('45', '45', 'en_us', 'size-test', 'work/size-test', '1', '2015-03-23 12:32:12', '2015-03-31 13:20:56', '445d9a63-5af6-44a7-8bab-f665b830b3b5');
INSERT INTO `craft_elements_i18n` (`id`, `elementId`, `locale`, `slug`, `uri`, `enabled`, `dateCreated`, `dateUpdated`, `uid`) VALUES ('46', '46', 'en_us', 'stalked-still', NULL, '1', '2015-03-26 02:11:22', '2015-04-01 22:41:09', 'c6ef7aa5-6d06-4bf8-be41-71d59b925e1d');



DROP TABLE IF EXISTS `craft_emailmessages`;


--
-- Schema for table `craft_emailmessages`
--
CREATE TABLE `craft_emailmessages` (
  `id` int(11) NOT NULL AUTO_INCREMENT,
  `key` char(150) COLLATE utf8_unicode_ci NOT NULL,
  `locale` char(12) COLLATE utf8_unicode_ci NOT NULL,
  `subject` varchar(1000) COLLATE utf8_unicode_ci NOT NULL,
  `body` text COLLATE utf8_unicode_ci NOT NULL,
  `dateCreated` datetime NOT NULL,
  `dateUpdated` datetime NOT NULL,
  `uid` char(36) COLLATE utf8_unicode_ci NOT NULL DEFAULT '0',
  PRIMARY KEY (`id`),
  UNIQUE KEY `craft_emailmessages_key_locale_unq_idx` (`key`,`locale`),
  KEY `craft_emailmessages_locale_fk` (`locale`)
) ENGINE=InnoDB DEFAULT CHARSET=utf8 COLLATE=utf8_unicode_ci;

DROP TABLE IF EXISTS `craft_entries`;


--
-- Schema for table `craft_entries`
--
CREATE TABLE `craft_entries` (
  `id` int(11) NOT NULL,
  `sectionId` int(11) NOT NULL,
  `typeId` int(11) DEFAULT NULL,
  `authorId` int(11) DEFAULT NULL,
  `postDate` datetime DEFAULT NULL,
  `expiryDate` datetime DEFAULT NULL,
  `dateCreated` datetime NOT NULL,
  `dateUpdated` datetime NOT NULL,
  `uid` char(36) COLLATE utf8_unicode_ci NOT NULL DEFAULT '0',
  PRIMARY KEY (`id`),
  KEY `craft_entries_sectionId_idx` (`sectionId`),
  KEY `craft_entries_typeId_idx` (`typeId`),
  KEY `craft_entries_postDate_idx` (`postDate`),
  KEY `craft_entries_expiryDate_idx` (`expiryDate`),
  KEY `craft_entries_authorId_fk` (`authorId`)
) ENGINE=InnoDB DEFAULT CHARSET=utf8 COLLATE=utf8_unicode_ci;

--
-- Data for table `craft_entries`
--

INSERT INTO `craft_entries` (`id`, `sectionId`, `typeId`, `authorId`, `postDate`, `expiryDate`, `dateCreated`, `dateUpdated`, `uid`) VALUES ('2', '1', '1', NULL, '2015-01-15 18:31:47', NULL, '2015-01-15 18:31:47', '2015-02-17 14:07:25', '54c240f4-cd20-429d-a99f-180478a5cb6d');
INSERT INTO `craft_entries` (`id`, `sectionId`, `typeId`, `authorId`, `postDate`, `expiryDate`, `dateCreated`, `dateUpdated`, `uid`) VALUES ('3', '2', '2', '1', '2015-01-15 18:31:48', NULL, '2015-01-15 18:31:48', '2015-01-15 18:31:48', '4dc0c234-182c-44ca-92a8-b0a6f202c964');
INSERT INTO `craft_entries` (`id`, `sectionId`, `typeId`, `authorId`, `postDate`, `expiryDate`, `dateCreated`, `dateUpdated`, `uid`) VALUES ('5', '6', '7', NULL, '2015-01-27 16:56:56', NULL, '2015-01-27 16:56:56', '2015-04-02 12:33:34', 'df3e18cc-151c-4a42-a527-848eb0e43353');
INSERT INTO `craft_entries` (`id`, `sectionId`, `typeId`, `authorId`, `postDate`, `expiryDate`, `dateCreated`, `dateUpdated`, `uid`) VALUES ('6', '7', '8', NULL, '2015-01-27 17:00:43', NULL, '2015-01-27 17:00:43', '2015-03-26 01:49:22', 'c8c37d07-0bd6-4c04-b5a4-70d5aa24dbd4');
INSERT INTO `craft_entries` (`id`, `sectionId`, `typeId`, `authorId`, `postDate`, `expiryDate`, `dateCreated`, `dateUpdated`, `uid`) VALUES ('7', '8', '9', NULL, '2015-01-27 17:06:00', NULL, '2015-01-27 17:06:00', '2015-01-27 23:25:47', 'd4641732-54f3-4dd5-9e2b-7aaea057f259');
INSERT INTO `craft_entries` (`id`, `sectionId`, `typeId`, `authorId`, `postDate`, `expiryDate`, `dateCreated`, `dateUpdated`, `uid`) VALUES ('9', '4', '4', '1', '2015-01-28 14:03:00', NULL, '2015-01-28 14:03:10', '2015-01-28 14:08:09', '48d0f0fa-52fd-4dca-941b-54138e08c0cd');
INSERT INTO `craft_entries` (`id`, `sectionId`, `typeId`, `authorId`, `postDate`, `expiryDate`, `dateCreated`, `dateUpdated`, `uid`) VALUES ('10', '4', '4', '1', '2015-01-28 14:06:00', NULL, '2015-01-28 14:06:28', '2015-03-17 13:16:46', 'ffea05f6-aa2f-4359-9b91-4adc287b892b');
INSERT INTO `craft_entries` (`id`, `sectionId`, `typeId`, `authorId`, `postDate`, `expiryDate`, `dateCreated`, `dateUpdated`, `uid`) VALUES ('11', '4', '4', '1', '2015-01-28 14:09:05', NULL, '2015-01-28 14:09:06', '2015-01-28 14:09:06', '29dad6a5-1e51-4478-9663-aaab84685695');
INSERT INTO `craft_entries` (`id`, `sectionId`, `typeId`, `authorId`, `postDate`, `expiryDate`, `dateCreated`, `dateUpdated`, `uid`) VALUES ('12', '4', '4', '1', '2015-01-28 14:10:18', NULL, '2015-01-28 14:10:18', '2015-01-28 14:10:18', 'b5a62f5b-5e9b-44c5-9efe-5694c764e65e');
INSERT INTO `craft_entries` (`id`, `sectionId`, `typeId`, `authorId`, `postDate`, `expiryDate`, `dateCreated`, `dateUpdated`, `uid`) VALUES ('13', '4', '4', '1', '2015-01-28 14:11:00', NULL, '2015-01-28 14:11:27', '2015-03-17 13:07:49', 'd0a9b1bb-c5c3-4b3f-876a-44bbc9cf12b9');
INSERT INTO `craft_entries` (`id`, `sectionId`, `typeId`, `authorId`, `postDate`, `expiryDate`, `dateCreated`, `dateUpdated`, `uid`) VALUES ('14', '2', '2', '1', '2014-03-28 00:00:00', NULL, '2015-01-29 14:03:01', '2015-02-17 14:38:22', '075909e6-2133-4ac2-9e27-324d19ccb7c3');
INSERT INTO `craft_entries` (`id`, `sectionId`, `typeId`, `authorId`, `postDate`, `expiryDate`, `dateCreated`, `dateUpdated`, `uid`) VALUES ('15', '2', '2', '1', '2013-07-25 00:00:00', NULL, '2015-01-29 14:18:39', '2015-02-17 14:29:58', 'd80d3e66-8480-4a2a-982d-848c8146ea63');
INSERT INTO `craft_entries` (`id`, `sectionId`, `typeId`, `authorId`, `postDate`, `expiryDate`, `dateCreated`, `dateUpdated`, `uid`) VALUES ('16', '2', '2', '1', '2013-05-23 00:00:00', NULL, '2015-01-30 14:12:56', '2015-02-17 14:37:50', '69baada4-aa99-45c0-b22b-fdc25700f72b');
INSERT INTO `craft_entries` (`id`, `sectionId`, `typeId`, `authorId`, `postDate`, `expiryDate`, `dateCreated`, `dateUpdated`, `uid`) VALUES ('17', '2', '2', '1', '2013-05-21 14:14:00', NULL, '2015-01-30 14:14:42', '2015-02-17 14:38:08', 'c163ca9e-dc29-41a6-8e4f-df26e52cbb75');
INSERT INTO `craft_entries` (`id`, `sectionId`, `typeId`, `authorId`, `postDate`, `expiryDate`, `dateCreated`, `dateUpdated`, `uid`) VALUES ('18', '3', '3', '1', '2015-02-06 14:20:00', NULL, '2015-02-06 14:20:41', '2015-02-13 14:40:02', '326c0af7-e57d-4b9b-a25b-379ba3fbba34');
INSERT INTO `craft_entries` (`id`, `sectionId`, `typeId`, `authorId`, `postDate`, `expiryDate`, `dateCreated`, `dateUpdated`, `uid`) VALUES ('33', '3', '3', '1', '2015-02-09 13:30:20', NULL, '2015-02-09 13:30:20', '2015-02-09 13:30:20', 'fc594d86-ce9b-473f-a16c-9eece62fc1cf');
INSERT INTO `craft_entries` (`id`, `sectionId`, `typeId`, `authorId`, `postDate`, `expiryDate`, `dateCreated`, `dateUpdated`, `uid`) VALUES ('35', '3', '3', '1', '2015-02-09 13:43:00', NULL, '2015-02-09 13:43:11', '2015-02-13 14:47:07', 'b59ab625-8159-4abb-8ea6-a40eb54db22b');
INSERT INTO `craft_entries` (`id`, `sectionId`, `typeId`, `authorId`, `postDate`, `expiryDate`, `dateCreated`, `dateUpdated`, `uid`) VALUES ('37', '3', '3', '1', '2015-02-10 13:45:00', NULL, '2015-02-10 13:45:27', '2015-04-01 23:11:27', '8c462a6e-fe09-4865-bec6-d86a0eca1b64');
INSERT INTO `craft_entries` (`id`, `sectionId`, `typeId`, `authorId`, `postDate`, `expiryDate`, `dateCreated`, `dateUpdated`, `uid`) VALUES ('39', '3', '3', '1', '2015-02-17 14:05:17', NULL, '2015-02-17 14:05:17', '2015-02-17 14:05:17', '39b97aa4-f6cf-4110-ac02-e1834faee4b2');
INSERT INTO `craft_entries` (`id`, `sectionId`, `typeId`, `authorId`, `postDate`, `expiryDate`, `dateCreated`, `dateUpdated`, `uid`) VALUES ('43', '3', '10', '1', '2015-03-13 13:21:00', NULL, '2015-03-13 13:21:09', '2015-03-31 12:24:30', '5657ea32-1b61-4e33-a11c-4e7bed8a9005');
INSERT INTO `craft_entries` (`id`, `sectionId`, `typeId`, `authorId`, `postDate`, `expiryDate`, `dateCreated`, `dateUpdated`, `uid`) VALUES ('45', '3', '10', '1', '2015-03-23 12:32:00', NULL, '2015-03-23 12:32:12', '2015-03-31 13:20:56', '1170d63d-22cc-47ea-894f-de356cafafe3');



DROP TABLE IF EXISTS `craft_entrydrafts`;


--
-- Schema for table `craft_entrydrafts`
--
CREATE TABLE `craft_entrydrafts` (
  `id` int(11) NOT NULL AUTO_INCREMENT,
  `entryId` int(11) NOT NULL,
  `sectionId` int(11) NOT NULL,
  `creatorId` int(11) NOT NULL,
  `locale` char(12) COLLATE utf8_unicode_ci NOT NULL,
  `name` varchar(255) COLLATE utf8_unicode_ci NOT NULL,
  `notes` tinytext COLLATE utf8_unicode_ci,
  `data` mediumtext COLLATE utf8_unicode_ci NOT NULL,
  `dateCreated` datetime NOT NULL,
  `dateUpdated` datetime NOT NULL,
  `uid` char(36) COLLATE utf8_unicode_ci NOT NULL DEFAULT '0',
  PRIMARY KEY (`id`),
  KEY `craft_entrydrafts_entryId_locale_idx` (`entryId`,`locale`),
  KEY `craft_entrydrafts_sectionId_fk` (`sectionId`),
  KEY `craft_entrydrafts_creatorId_fk` (`creatorId`),
  KEY `craft_entrydrafts_locale_fk` (`locale`)
) ENGINE=InnoDB DEFAULT CHARSET=utf8 COLLATE=utf8_unicode_ci;

DROP TABLE IF EXISTS `craft_entrytypes`;


--
-- Schema for table `craft_entrytypes`
--
CREATE TABLE `craft_entrytypes` (
  `id` int(11) NOT NULL AUTO_INCREMENT,
  `sectionId` int(11) NOT NULL,
  `fieldLayoutId` int(11) DEFAULT NULL,
  `name` varchar(255) COLLATE utf8_unicode_ci NOT NULL,
  `handle` varchar(255) COLLATE utf8_unicode_ci NOT NULL,
  `hasTitleField` tinyint(1) unsigned NOT NULL DEFAULT '1',
  `titleLabel` varchar(255) COLLATE utf8_unicode_ci DEFAULT 'Title',
  `titleFormat` varchar(255) COLLATE utf8_unicode_ci DEFAULT NULL,
  `sortOrder` tinyint(4) DEFAULT NULL,
  `dateCreated` datetime NOT NULL,
  `dateUpdated` datetime NOT NULL,
  `uid` char(36) COLLATE utf8_unicode_ci NOT NULL DEFAULT '0',
  PRIMARY KEY (`id`),
  UNIQUE KEY `craft_entrytypes_name_sectionId_unq_idx` (`name`,`sectionId`),
  UNIQUE KEY `craft_entrytypes_handle_sectionId_unq_idx` (`handle`,`sectionId`),
  KEY `craft_entrytypes_sectionId_fk` (`sectionId`),
  KEY `craft_entrytypes_fieldLayoutId_fk` (`fieldLayoutId`)
) ENGINE=InnoDB AUTO_INCREMENT=11 DEFAULT CHARSET=utf8 COLLATE=utf8_unicode_ci;

--
-- Data for table `craft_entrytypes`
--

INSERT INTO `craft_entrytypes` (`id`, `sectionId`, `fieldLayoutId`, `name`, `handle`, `hasTitleField`, `titleLabel`, `titleFormat`, `sortOrder`, `dateCreated`, `dateUpdated`, `uid`) VALUES ('1', '1', '25', 'Homepage', 'homepage', '1', 'Homepage', NULL, NULL, '2015-01-15 18:31:47', '2015-01-27 16:59:00', 'c712ced6-b26e-427e-97ea-2ada2125c877');
INSERT INTO `craft_entrytypes` (`id`, `sectionId`, `fieldLayoutId`, `name`, `handle`, `hasTitleField`, `titleLabel`, `titleFormat`, `sortOrder`, `dateCreated`, `dateUpdated`, `uid`) VALUES ('2', '2', '20', 'News', 'news', '1', 'Title', NULL, NULL, '2015-01-15 18:31:48', '2015-01-27 16:43:11', '20e0f421-5dd2-4ebe-8765-aed01c000c62');
INSERT INTO `craft_entrytypes` (`id`, `sectionId`, `fieldLayoutId`, `name`, `handle`, `hasTitleField`, `titleLabel`, `titleFormat`, `sortOrder`, `dateCreated`, `dateUpdated`, `uid`) VALUES ('3', '3', '45', 'Wee Beastie', 'WeeBeastie', '1', 'Title', NULL, NULL, '2015-01-27 16:08:07', '2015-04-01 23:10:50', '74284776-c499-4643-925d-844e32f79c27');
INSERT INTO `craft_entrytypes` (`id`, `sectionId`, `fieldLayoutId`, `name`, `handle`, `hasTitleField`, `titleLabel`, `titleFormat`, `sortOrder`, `dateCreated`, `dateUpdated`, `uid`) VALUES ('4', '4', '32', 'Director', 'director', '1', 'Title', NULL, NULL, '2015-01-27 16:26:23', '2015-01-28 14:07:23', '2213ebd2-87b1-4427-99e1-05b4a1016eec');
INSERT INTO `craft_entrytypes` (`id`, `sectionId`, `fieldLayoutId`, `name`, `handle`, `hasTitleField`, `titleLabel`, `titleFormat`, `sortOrder`, `dateCreated`, `dateUpdated`, `uid`) VALUES ('5', '5', '19', 'Other Videos', 'otherVideos', '1', 'Title', NULL, NULL, '2015-01-27 16:38:54', '2015-01-27 16:41:01', '5da56012-23b5-4021-8fbd-11148f8c6d71');
INSERT INTO `craft_entrytypes` (`id`, `sectionId`, `fieldLayoutId`, `name`, `handle`, `hasTitleField`, `titleLabel`, `titleFormat`, `sortOrder`, `dateCreated`, `dateUpdated`, `uid`) VALUES ('7', '6', '24', 'Our Work', 'ourWork', '0', NULL, '{section.name|raw}', NULL, '2015-01-27 16:56:56', '2015-01-27 16:57:31', 'cf5cbf15-ec55-44aa-b53c-b88d88a1db25');
INSERT INTO `craft_entrytypes` (`id`, `sectionId`, `fieldLayoutId`, `name`, `handle`, `hasTitleField`, `titleLabel`, `titleFormat`, `sortOrder`, `dateCreated`, `dateUpdated`, `uid`) VALUES ('8', '7', '27', 'Directors Page', 'directorsPage', '0', NULL, '{section.name|raw}', NULL, '2015-01-27 17:00:43', '2015-01-27 17:01:23', 'e86a7c93-8619-4096-bd21-26c2f097b3b2');
INSERT INTO `craft_entrytypes` (`id`, `sectionId`, `fieldLayoutId`, `name`, `handle`, `hasTitleField`, `titleLabel`, `titleFormat`, `sortOrder`, `dateCreated`, `dateUpdated`, `uid`) VALUES ('9', '8', '31', 'About', 'about', '0', NULL, '{section.name|raw}', NULL, '2015-01-27 17:06:00', '2015-01-27 22:56:59', 'f256f5c9-5581-498a-954c-c37013228d5e');
INSERT INTO `craft_entrytypes` (`id`, `sectionId`, `fieldLayoutId`, `name`, `handle`, `hasTitleField`, `titleLabel`, `titleFormat`, `sortOrder`, `dateCreated`, `dateUpdated`, `uid`) VALUES ('10', '3', '43', 'Non Wee Beastie', 'nonWeeBeastie', '1', 'Non-Wee Beastie', NULL, NULL, '2015-03-31 12:23:56', '2015-03-31 12:23:56', '055eb6f0-fc60-447e-9655-b255b54d990a');



DROP TABLE IF EXISTS `craft_entryversions`;


--
-- Schema for table `craft_entryversions`
--
CREATE TABLE `craft_entryversions` (
  `id` int(11) NOT NULL AUTO_INCREMENT,
  `entryId` int(11) NOT NULL,
  `sectionId` int(11) NOT NULL,
  `creatorId` int(11) DEFAULT NULL,
  `locale` char(12) COLLATE utf8_unicode_ci NOT NULL,
  `num` smallint(6) unsigned NOT NULL,
  `notes` tinytext COLLATE utf8_unicode_ci,
  `data` mediumtext COLLATE utf8_unicode_ci NOT NULL,
  `dateCreated` datetime NOT NULL,
  `dateUpdated` datetime NOT NULL,
  `uid` char(36) COLLATE utf8_unicode_ci NOT NULL DEFAULT '0',
  PRIMARY KEY (`id`),
  KEY `craft_entryversions_entryId_locale_idx` (`entryId`,`locale`),
  KEY `craft_entryversions_sectionId_fk` (`sectionId`),
  KEY `craft_entryversions_creatorId_fk` (`creatorId`),
  KEY `craft_entryversions_locale_fk` (`locale`)
) ENGINE=InnoDB AUTO_INCREMENT=50 DEFAULT CHARSET=utf8 COLLATE=utf8_unicode_ci;

--
-- Data for table `craft_entryversions`
--

INSERT INTO `craft_entryversions` (`id`, `entryId`, `sectionId`, `creatorId`, `locale`, `num`, `notes`, `data`, `dateCreated`, `dateUpdated`, `uid`) VALUES ('1', '2', '1', '1', 'en_us', '1', '', '{\"typeId\":\"1\",\"authorId\":null,\"title\":\"Homepage\",\"slug\":\"homepage\",\"postDate\":1421346707,\"expiryDate\":null,\"enabled\":1,\"fields\":{\"15\":\"\"}}', '2015-01-27 16:59:19', '2015-01-27 16:59:19', 'c364f0e4-a0a2-4b62-9235-f6f68cf5836c');
INSERT INTO `craft_entryversions` (`id`, `entryId`, `sectionId`, `creatorId`, `locale`, `num`, `notes`, `data`, `dateCreated`, `dateUpdated`, `uid`) VALUES ('2', '7', '8', '1', 'en_us', '1', '', '{\"typeId\":\"9\",\"authorId\":null,\"title\":\"About\",\"slug\":\"about\",\"postDate\":1422378360,\"expiryDate\":null,\"enabled\":1,\"fields\":{\"18\":\"\",\"16\":[\"8\"],\"17\":\"\",\"19\":\"\"}}', '2015-01-27 22:54:48', '2015-01-27 22:54:48', '3e3a04f9-9776-4c71-b0e1-05e0018e6dba');
INSERT INTO `craft_entryversions` (`id`, `entryId`, `sectionId`, `creatorId`, `locale`, `num`, `notes`, `data`, `dateCreated`, `dateUpdated`, `uid`) VALUES ('3', '7', '8', '1', 'en_us', '2', '', '{\"typeId\":\"9\",\"authorId\":null,\"title\":\"About\",\"slug\":\"about\",\"postDate\":1422378360,\"expiryDate\":null,\"enabled\":1,\"fields\":{\"20\":\"<p>At Wee Beastie, we think up clever ideas and bring them to life. Our mission? Provide the most emotionally compelling advertising by focusing on initial creative development. For us, concept is king. The result? Work that always cuts through the clutter.<span><\\/span><\\/p>\",\"18\":\"\",\"16\":[\"8\"],\"17\":\"\",\"19\":\"\"}}', '2015-01-27 22:57:14', '2015-01-27 22:57:14', '3128d9cd-b505-42e8-912e-848afece6572');
INSERT INTO `craft_entryversions` (`id`, `entryId`, `sectionId`, `creatorId`, `locale`, `num`, `notes`, `data`, `dateCreated`, `dateUpdated`, `uid`) VALUES ('4', '7', '8', '1', 'en_us', '3', '', '{\"typeId\":\"9\",\"authorId\":null,\"title\":\"About\",\"slug\":\"about\",\"postDate\":1422378360,\"expiryDate\":null,\"enabled\":1,\"fields\":{\"20\":\"<p>\\r\\n\\tAt Wee Beastie, we think up clever ideas and bring them to life. Our mission? Provide the most emotionally compelling advertising by focusing on initial creative development. For us, concept is king. The result? Work that always cuts through the clutter.\\r\\n<\\/p>\",\"18\":\"\",\"16\":[\"8\"],\"17\":\"\",\"19\":\"\"}}', '2015-01-27 23:02:21', '2015-01-27 23:02:21', 'a8a5f5f9-0a49-4beb-b0a0-15789fd71043');
INSERT INTO `craft_entryversions` (`id`, `entryId`, `sectionId`, `creatorId`, `locale`, `num`, `notes`, `data`, `dateCreated`, `dateUpdated`, `uid`) VALUES ('5', '7', '8', '1', 'en_us', '4', '', '{\"typeId\":\"9\",\"authorId\":null,\"title\":\"About\",\"slug\":\"about\",\"postDate\":1422378360,\"expiryDate\":null,\"enabled\":1,\"fields\":{\"20\":\"<p>\\r\\n\\tAt Wee Beastie, we think up clever ideas and bring them to life. Our mission? Provide the most emotionally compelling advertising by focusing on initial creative development. For us, concept is king. The result? Work that always cuts through the clutter.\\r\\n<\\/p>\",\"18\":\"<p>has 20 years of experience as a writer and director of commercials, promos and short-form programming. His campaigns have led to higher ratings, brand recognition and ultimately profits for his clients. Chris has designed campaigns for household-name shows and commercial brands. As a director, Chris\'s strengths include directing show talent, compelling visuals and quirky comedy. <span><\\/span><\\/p>\",\"16\":[\"8\"],\"17\":\"<p>is an experienced Executive Producer who has brought many high-end concepts from the printed page to the screen. Having produced Upfront projects for both Discovery Channel and The Learning Channel, she is an expert problem solver and no stranger to logistical nightmares. From Monica\'s point of view, nothing is a problem - there is always a solution. Relax, and let her handle it... <span><\\/span><\\/p>\",\"19\":\"<p>Wee Beasties are those sticky concepts that get lodged inside your head. The catchy song that you keep humming, the stunning visual you can\'t forget, those great ideas that keep you from falling asleep. These clever concepts are our specialty, because Wee Beasties are what we\'re all about.<\\/p>\"}}', '2015-01-27 23:25:47', '2015-01-27 23:25:47', 'bbcf05d1-b435-499d-a369-b724cd607314');
INSERT INTO `craft_entryversions` (`id`, `entryId`, `sectionId`, `creatorId`, `locale`, `num`, `notes`, `data`, `dateCreated`, `dateUpdated`, `uid`) VALUES ('6', '9', '4', '1', 'en_us', '1', '', '{\"typeId\":null,\"authorId\":\"1\",\"title\":\"Chris McKenna\",\"slug\":\"chris-mckenna\",\"postDate\":1422453788,\"expiryDate\":null,\"enabled\":1,\"fields\":{\"1\":\"<p>Chris McKenna is the talent whisperer. He draws out a great performance in the most difficult of situations and puts high-flying actors and show hosts at ease. Chris is as an \\\"actor\'s director\\\" who also has a great eye for strong visuals and beautiful composition. Great with children and animals, he has survived the worst. Ask him about the homicidal pig. After the pig, he is ready for anything.<\\/p>\",\"15\":\"\"}}', '2015-01-28 14:03:10', '2015-01-28 14:03:10', 'f85536f6-0720-4f46-b41f-2866461c0aee');
INSERT INTO `craft_entryversions` (`id`, `entryId`, `sectionId`, `creatorId`, `locale`, `num`, `notes`, `data`, `dateCreated`, `dateUpdated`, `uid`) VALUES ('7', '10', '4', '1', 'en_us', '1', '', '{\"typeId\":null,\"authorId\":\"1\",\"title\":\"Lori Balaban\",\"slug\":\"lori-balaban\",\"postDate\":1422453988,\"expiryDate\":null,\"enabled\":1,\"fields\":{\"1\":\"<p><em>Talent\\/Branded Entertainment<\\/em><em><\\/em><br><\\/p><p>Lori Balaban has over a decade of entertainment industry experience. She\'s written, produced, and directed for NBC, AMC, CBS, National Geographic, Bain, Harley Davidson, Sundance, and Disney. She\'s committed to storytelling and has written numerous screenplays, documentaries and TV scripts. She\'s currently pursuing an MFA in Creative Writing.<\\/p>\",\"15\":\"\"}}', '2015-01-28 14:06:28', '2015-01-28 14:06:28', '666a4599-7483-4bb2-bbd2-54c2a038b6ad');
INSERT INTO `craft_entryversions` (`id`, `entryId`, `sectionId`, `creatorId`, `locale`, `num`, `notes`, `data`, `dateCreated`, `dateUpdated`, `uid`) VALUES ('8', '10', '4', '1', 'en_us', '2', '', '{\"typeId\":\"4\",\"authorId\":\"1\",\"title\":\"Lori Balaban\",\"slug\":\"lori-balaban\",\"postDate\":1422453960,\"expiryDate\":null,\"enabled\":1,\"fields\":{\"1\":\"<p>Lori Balaban has over a decade of entertainment industry experience. She\'s written, produced, and directed for NBC, AMC, CBS, National Geographic, Bain, Harley Davidson, Sundance, and Disney. She\'s committed to storytelling and has written numerous screenplays, documentaries and TV scripts. She\'s currently pursuing an MFA in Creative Writing.<\\/p>\",\"15\":\"\",\"21\":\"Talent\\/Branded Entertainment\"}}', '2015-01-28 14:07:45', '2015-01-28 14:07:45', '4d291824-7126-4a95-8095-573ee89c49d0');
INSERT INTO `craft_entryversions` (`id`, `entryId`, `sectionId`, `creatorId`, `locale`, `num`, `notes`, `data`, `dateCreated`, `dateUpdated`, `uid`) VALUES ('9', '9', '4', '1', 'en_us', '2', '', '{\"typeId\":\"4\",\"authorId\":\"1\",\"title\":\"Chris McKenna\",\"slug\":\"chris-mckenna\",\"postDate\":1422453780,\"expiryDate\":null,\"enabled\":1,\"fields\":{\"1\":\"<p>Chris McKenna is the talent whisperer. He draws out a great performance in the most difficult of situations and puts high-flying actors and show hosts at ease. Chris is as an \\\"actor\'s director\\\" who also has a great eye for strong visuals and beautiful composition. Great with children and animals, he has survived the worst. Ask him about the homicidal pig. After the pig, he is ready for anything.<\\/p>\",\"15\":\"\",\"21\":\"Comedy\\/Dialogue, Storytelling\\/Visual FX\"}}', '2015-01-28 14:08:09', '2015-01-28 14:08:09', '41d43e28-5ee2-4627-86c6-61692a29790f');
INSERT INTO `craft_entryversions` (`id`, `entryId`, `sectionId`, `creatorId`, `locale`, `num`, `notes`, `data`, `dateCreated`, `dateUpdated`, `uid`) VALUES ('10', '11', '4', '1', 'en_us', '1', '', '{\"typeId\":null,\"authorId\":\"1\",\"title\":\"Ronnie Krensel\",\"slug\":\"ronnie-krensel\",\"postDate\":1422454145,\"expiryDate\":null,\"enabled\":1,\"fields\":{\"1\":\"<p>Ronnie Krensel has been making commercials, promos, and TV shows for close to twenty years. In that time he\'s filmed with rockers, rappers, storm chasers, gurus and of course a few comedians. As one of the few show runners in the promo business, he understands how to boil the essence of a show down to just 30 seconds while still retaining the overall theme. On set, Ronnie is well versed in helping actors feel natural. Additionally, he helps non-actors find their inner performer, and brings out the best in cars, buildings, and other natural environments.<\\/p>\",\"15\":\"\",\"21\":\"Real People\\/Automotive\"}}', '2015-01-28 14:09:06', '2015-01-28 14:09:06', '1828114a-d907-49e9-9201-d31f2deb1b7b');
INSERT INTO `craft_entryversions` (`id`, `entryId`, `sectionId`, `creatorId`, `locale`, `num`, `notes`, `data`, `dateCreated`, `dateUpdated`, `uid`) VALUES ('11', '12', '4', '1', 'en_us', '1', '', '{\"typeId\":null,\"authorId\":\"1\",\"title\":\"JR Soldano\",\"slug\":\"jr-soldano\",\"postDate\":1422454218,\"expiryDate\":null,\"enabled\":1,\"fields\":{\"1\":\"<p>JR Soldano is a director, writer and producer who brings over 20 years of experience in both business-to-business and consumer channels. He spent 8 years with The Discovery Channel as their Supervising Producer and in-house director. JR has garnered a number of industry awards, including 6 Addys, a BDA Award, a Telly Award, 1 Silver and 3 Gold Promax award, and has directed two acclaimed, award-winning shorts in the past 4 years. In addition, JR is one of the creators\\/writers\\/producers of cult favorite Pancake Mountain\\u2014an offbeat, internet-based kids\' show\\u2014and also writes and performs as celebrity-interviewing puppet Rufus Leaking on the show.<\\/p>\",\"15\":\"\",\"21\":\"Comedy\\/Drama\\/Network Talent\"}}', '2015-01-28 14:10:18', '2015-01-28 14:10:18', '215fe021-4aad-480a-8fc1-7392650e5f4a');
INSERT INTO `craft_entryversions` (`id`, `entryId`, `sectionId`, `creatorId`, `locale`, `num`, `notes`, `data`, `dateCreated`, `dateUpdated`, `uid`) VALUES ('12', '13', '4', '1', 'en_us', '1', '', '{\"typeId\":null,\"authorId\":\"1\",\"title\":\"Alan William Harris\",\"slug\":\"alan-william-harris\",\"postDate\":1422454287,\"expiryDate\":null,\"enabled\":1,\"fields\":{\"1\":\"<p>Alan William Harris is best known for his commercial work for a little mom-and-pop network called MTV, where he has received two Emmy nominations. Alan\'s visual sensibilities lean heavily on style and color while his comedic strengths highlight his background in improvised comedy (being an alumnus of The Second City and Upright Citizen\'s Brigade theaters). To date, he has directed such celebrity talent as Steve Carell, Paul Rudd, Chris Parnell, Rob Corddry and Justin Timerblake, with clients ranging from Burger King and Paramount Studios to Best Buy and The American Legacy Foundation. In addition to his commercial work, Alan is also in pre-production on his first feature film, an indie teen drama\\/comedy scheduled to shoot later this year.<\\/p>\",\"15\":\"\",\"21\":\"Comedy Dialogue\\/Celebrity\"}}', '2015-01-28 14:11:27', '2015-01-28 14:11:27', '108faeef-8f04-4b5c-946c-fecc58343f0b');
INSERT INTO `craft_entryversions` (`id`, `entryId`, `sectionId`, `creatorId`, `locale`, `num`, `notes`, `data`, `dateCreated`, `dateUpdated`, `uid`) VALUES ('13', '14', '2', '1', 'en_us', '1', '', '{\"typeId\":null,\"authorId\":\"1\",\"title\":\"The Perfect Choice\",\"slug\":\"the-perfect-choice\",\"postDate\":1395964800,\"expiryDate\":null,\"enabled\":1,\"fields\":{\"1\":\"<p>Create our very own game show, and have it hosted by the one and only Bob Eubanks? Count us in! This spot for DISH spices up the classic \\\"Dating Game\\\" format with new \\\"contestants\\\" and one very lucky lady. Everything about the spot is custom, from the custom-built 70\'s-themed set, to custom colors that mimic the iconic red hues of DISH. Bob Eubanks, the veteran game show host that he is, walked on set and was immediately in his element. The finished product is a riotous spot, and of course a happy couple.<span><\\/span><\\/p>\",\"14\":\"\"}}', '2015-01-29 14:03:01', '2015-01-29 14:03:01', '19dd77b5-58ac-4ce7-98c5-5a6ef86b7e6a');
INSERT INTO `craft_entryversions` (`id`, `entryId`, `sectionId`, `creatorId`, `locale`, `num`, `notes`, `data`, `dateCreated`, `dateUpdated`, `uid`) VALUES ('14', '15', '2', '1', 'en_us', '1', '', '{\"typeId\":null,\"authorId\":\"1\",\"title\":\"Chuck\'s Eat The Street\",\"slug\":\"chucks-eat-the-street\",\"postDate\":1374710400,\"expiryDate\":null,\"enabled\":1,\"fields\":{\"1\":\"<p>We put on our dancing shoes for the second season commercial shoot of<strong> Chuck\'s Eat The Street<\\/strong> on <em>The Cooking Channel<\\/em>. The spot was originally set as live action in the Bronx, but a massive thunderstorm the day of didn\'t agree with that plan. We reworked the concept to showcase Chuck\'s span across the country via green screen. Chuck and his loyal backup singers travel through postcards, visiting the streets of Washington DC, San Antonio, and more for the most delicious dishes. We\'re really happy with the spot in light of the initial challenges, and we thank Chuck and the crew for being so flexible. But now we can\'t get the spot\'s song out of our heads!<\\/p>\",\"14\":\"\"}}', '2015-01-29 14:18:39', '2015-01-29 14:18:39', '1e8acba0-b319-495e-8575-db80ef4b7a96');
INSERT INTO `craft_entryversions` (`id`, `entryId`, `sectionId`, `creatorId`, `locale`, `num`, `notes`, `data`, `dateCreated`, `dateUpdated`, `uid`) VALUES ('15', '16', '2', '1', 'en_us', '1', '', '{\"typeId\":null,\"authorId\":\"1\",\"title\":\"Coppertone\",\"slug\":\"coppertone\",\"postDate\":1369267200,\"expiryDate\":null,\"enabled\":1,\"fields\":{\"1\":\"<p>We start our celebration for the summer season early with <strong>Coppertone<\\/strong> and <strong>USA Network<\\/strong>. <strong>Mark Feuerstein<\\/strong> reprises his role from USA\'s Royal Pains to enjoy a gorgeous day at the beach. He relaxes, wades in the water, and soaks up the sun with a bottle of Coopertone at hand. Always eager to show off, Mark makes sure to broadcast his fun to <strong>Callie Thorne<\\/strong> of Necessary Roughness fame. Despite Mark\'s upbeat performance, this spot was actually filmed on one of the coldest days of the year! The spot was still a lot of fun to make, and a great way to connect summer fun for these two brands.<\\/p>\",\"14\":\"\"}}', '2015-01-30 14:12:56', '2015-01-30 14:12:56', 'e3ad9156-c6e1-42c1-906a-afd3b738e645');
INSERT INTO `craft_entryversions` (`id`, `entryId`, `sectionId`, `creatorId`, `locale`, `num`, `notes`, `data`, `dateCreated`, `dateUpdated`, `uid`) VALUES ('16', '17', '2', '1', 'en_us', '1', '', '{\"typeId\":null,\"authorId\":\"1\",\"title\":\"Life Is Funny\",\"slug\":\"life-is-funny\",\"postDate\":1422627282,\"expiryDate\":1369094400,\"enabled\":1,\"fields\":{\"1\":\"We had a great time shooting with TBS and Wendy\\u2019s recently to create promos for the \\u201cLife is Funny\\u201d campaign. After locating a fantastic apartment near Wee Beastie headquarters in downtown Manhattan, the crew loaded in for a long yet productive day of filming. The spots highlight the great things that happen when friends, and Wendy\\u2019s, get together. When all was said and done, we had three brand new promos showcasing two fantastic brands. The team had lots of fun, but we are forever finished with the word \\u201cbooyah\\u201d. Ha! Click the video link to check out the spot!\",\"14\":\"\"}}', '2015-01-30 14:14:42', '2015-01-30 14:14:42', '28203a67-3f59-42d6-9f22-a487b7454cf5');
INSERT INTO `craft_entryversions` (`id`, `entryId`, `sectionId`, `creatorId`, `locale`, `num`, `notes`, `data`, `dateCreated`, `dateUpdated`, `uid`) VALUES ('17', '17', '2', '1', 'en_us', '2', '', '{\"typeId\":\"2\",\"authorId\":\"1\",\"title\":\"Life Is Funny\",\"slug\":\"life-is-funny\",\"postDate\":1369145640,\"expiryDate\":null,\"enabled\":1,\"fields\":{\"1\":\"<p>We had a great time shooting with TBS and Wendy\'s recently to create promos for the \\u201cLife is Funny\\\" campaign. After locating a fantastic apartment near Wee Beastie headquarters in downtown Manhattan, the crew loaded in for a long yet productive day of filming. The spots highlight the great things that happen when friends, and Wendy\'s, get together. When all was said and done, we had three brand new promos showcasing two fantastic brands. The team had lots of fun, but we are forever finished with the word \\u201cbooyah\\\". Ha! Click the video link to check out the spot!<\\/p>\",\"14\":\"\"}}', '2015-01-30 14:15:20', '2015-01-30 14:15:20', '050b5ca8-3586-4707-932e-d8bd1661f544');
INSERT INTO `craft_entryversions` (`id`, `entryId`, `sectionId`, `creatorId`, `locale`, `num`, `notes`, `data`, `dateCreated`, `dateUpdated`, `uid`) VALUES ('18', '18', '3', '1', 'en_us', '1', '', '{\"typeId\":null,\"authorId\":\"1\",\"title\":\"The Walking Dead\",\"slug\":\"the-walking-dead\",\"postDate\":1423232440,\"expiryDate\":null,\"enabled\":1,\"fields\":{\"8\":\"DISH and AMC\",\"7\":\"\",\"3\":\"\",\"4\":\"\",\"9\":\"The Walking Dead\",\"5\":\"\",\"6\":\"Launch\"}}', '2015-02-06 14:20:41', '2015-02-06 14:20:41', '5bc61ae6-09a3-4707-b299-c38e1ec0b1fb');
INSERT INTO `craft_entryversions` (`id`, `entryId`, `sectionId`, `creatorId`, `locale`, `num`, `notes`, `data`, `dateCreated`, `dateUpdated`, `uid`) VALUES ('19', '2', '1', '1', 'en_us', '2', '', '{\"typeId\":\"1\",\"authorId\":null,\"title\":\"Homepage\",\"slug\":\"homepage\",\"postDate\":1421346707,\"expiryDate\":null,\"enabled\":1,\"fields\":{\"15\":[\"18\"]}}', '2015-02-06 14:21:03', '2015-02-06 14:21:03', '1a33c418-ab94-46f3-aadc-03a494b96902');
INSERT INTO `craft_entryversions` (`id`, `entryId`, `sectionId`, `creatorId`, `locale`, `num`, `notes`, `data`, `dateCreated`, `dateUpdated`, `uid`) VALUES ('20', '18', '3', '1', 'en_us', '2', '', '{\"typeId\":\"3\",\"authorId\":\"1\",\"title\":\"The Walking Dead\",\"slug\":\"the-walking-dead\",\"postDate\":1423232400,\"expiryDate\":null,\"enabled\":1,\"fields\":{\"8\":\"DISH and AMC\",\"7\":\"\",\"3\":\"\",\"4\":\"\",\"9\":\"The Walking Dead\",\"5\":[\"31\"],\"6\":\"Launch\"}}', '2015-02-06 14:28:18', '2015-02-06 14:28:18', '7f86470b-b297-4cb8-b2a8-6a7d3622be9a');
INSERT INTO `craft_entryversions` (`id`, `entryId`, `sectionId`, `creatorId`, `locale`, `num`, `notes`, `data`, `dateCreated`, `dateUpdated`, `uid`) VALUES ('21', '33', '3', '1', 'en_us', '1', '', '{\"typeId\":null,\"authorId\":\"1\",\"title\":\"Nashville Samsung ABC\",\"slug\":\"nashville-samsung-abc\",\"postDate\":1423488620,\"expiryDate\":null,\"enabled\":1,\"fields\":{\"8\":\"ABC and Samsung\",\"7\":\"\",\"3\":[\"20\"],\"4\":[\"27\"],\"9\":\"Nashville\",\"5\":[\"32\"],\"6\":\"Co-Branded\"}}', '2015-02-09 13:30:20', '2015-02-09 13:30:20', '0a6dce7d-6087-466f-a9e4-441e0662c120');
INSERT INTO `craft_entryversions` (`id`, `entryId`, `sectionId`, `creatorId`, `locale`, `num`, `notes`, `data`, `dateCreated`, `dateUpdated`, `uid`) VALUES ('22', '2', '1', '1', 'en_us', '3', '', '{\"typeId\":\"1\",\"authorId\":null,\"title\":\"Homepage\",\"slug\":\"homepage\",\"postDate\":1421346707,\"expiryDate\":null,\"enabled\":1,\"fields\":{\"15\":[\"18\",\"33\"]}}', '2015-02-09 13:31:56', '2015-02-09 13:31:56', '6dba5523-66fb-4f53-8a06-55b0e6cab270');
INSERT INTO `craft_entryversions` (`id`, `entryId`, `sectionId`, `creatorId`, `locale`, `num`, `notes`, `data`, `dateCreated`, `dateUpdated`, `uid`) VALUES ('23', '35', '3', '1', 'en_us', '1', '', '{\"typeId\":null,\"authorId\":\"1\",\"title\":\"ABC Lexus\",\"slug\":\"abc-lexus\",\"postDate\":1423489391,\"expiryDate\":null,\"enabled\":1,\"fields\":{\"8\":\"ABC and Lexus\",\"7\":\"\",\"3\":[\"19\"],\"4\":[\"25\"],\"9\":\"Betrayal and Revent\",\"5\":[\"34\"],\"6\":\"Co-Branded\"}}', '2015-02-09 13:43:11', '2015-02-09 13:43:11', '3f9d1a88-a6b1-41de-928c-c359ce7ef155');
INSERT INTO `craft_entryversions` (`id`, `entryId`, `sectionId`, `creatorId`, `locale`, `num`, `notes`, `data`, `dateCreated`, `dateUpdated`, `uid`) VALUES ('24', '2', '1', '1', 'en_us', '4', '', '{\"typeId\":\"1\",\"authorId\":null,\"title\":\"Homepage\",\"slug\":\"homepage\",\"postDate\":1421346707,\"expiryDate\":null,\"enabled\":1,\"fields\":{\"15\":[\"35\"]}}', '2015-02-09 13:43:41', '2015-02-09 13:43:41', '08e43f12-1041-4f68-a6f0-a5f38cd3642d');
INSERT INTO `craft_entryversions` (`id`, `entryId`, `sectionId`, `creatorId`, `locale`, `num`, `notes`, `data`, `dateCreated`, `dateUpdated`, `uid`) VALUES ('25', '37', '3', '1', 'en_us', '1', '', '{\"typeId\":null,\"authorId\":\"1\",\"title\":\"A&E Wendy\'s Shipping Wars\",\"slug\":\"a-e-wendys-shipping-wars\",\"postDate\":1423575927,\"expiryDate\":null,\"enabled\":1,\"fields\":{\"8\":\"A&E and Wendy\'s\",\"7\":\"\",\"3\":[\"22\"],\"4\":[\"26\"],\"9\":\"Shipping Wars\",\"5\":[\"36\"],\"6\":\"Automotive\"}}', '2015-02-10 13:45:27', '2015-02-10 13:45:27', 'e45d6490-7b94-41b0-b811-9e62028a640c');
INSERT INTO `craft_entryversions` (`id`, `entryId`, `sectionId`, `creatorId`, `locale`, `num`, `notes`, `data`, `dateCreated`, `dateUpdated`, `uid`) VALUES ('26', '2', '1', '1', 'en_us', '5', '', '{\"typeId\":\"1\",\"authorId\":null,\"title\":\"Homepage\",\"slug\":\"homepage\",\"postDate\":1421346707,\"expiryDate\":null,\"enabled\":1,\"fields\":{\"15\":[\"35\",\"37\"]}}', '2015-02-10 13:46:02', '2015-02-10 13:46:02', '6aa49161-23cc-468a-9932-cff169a9bf56');
INSERT INTO `craft_entryversions` (`id`, `entryId`, `sectionId`, `creatorId`, `locale`, `num`, `notes`, `data`, `dateCreated`, `dateUpdated`, `uid`) VALUES ('27', '37', '3', '1', 'en_us', '2', '', '{\"typeId\":\"3\",\"authorId\":\"1\",\"title\":\"A&E Wendy\'s Shipping Wars\",\"slug\":\"a-e-wendys-shipping-wars\",\"postDate\":1423575900,\"expiryDate\":null,\"enabled\":1,\"fields\":{\"8\":\"A&E and Wendy\'s\",\"7\":\"\",\"3\":[\"22\"],\"4\":[\"26\"],\"9\":\"Shipping Wars\",\"5\":[\"36\"],\"6\":\"Behind-The-Scenes\"}}', '2015-02-12 16:23:55', '2015-02-12 16:23:55', 'acd4b699-8e97-4295-9d69-20ced1d226ac');
INSERT INTO `craft_entryversions` (`id`, `entryId`, `sectionId`, `creatorId`, `locale`, `num`, `notes`, `data`, `dateCreated`, `dateUpdated`, `uid`) VALUES ('28', '37', '3', '1', 'en_us', '3', '', '{\"typeId\":\"3\",\"authorId\":\"1\",\"title\":\"A&E Wendy\'s Shipping Wars\",\"slug\":\"a-e-wendys-shipping-wars\",\"postDate\":1423575900,\"expiryDate\":null,\"enabled\":1,\"fields\":{\"8\":\"A&E and Wendy\'s\",\"7\":\"\",\"3\":[\"22\"],\"4\":[\"26\"],\"9\":\"Shipping Wars\",\"5\":[\"36\"],\"6\":\"Automotive\"}}', '2015-02-12 16:43:03', '2015-02-12 16:43:03', '0b23201c-2224-43e7-a61f-696adf03d043');
INSERT INTO `craft_entryversions` (`id`, `entryId`, `sectionId`, `creatorId`, `locale`, `num`, `notes`, `data`, `dateCreated`, `dateUpdated`, `uid`) VALUES ('29', '18', '3', '1', 'en_us', '3', '', '{\"typeId\":\"3\",\"authorId\":\"1\",\"title\":\"The Walking Dead\",\"slug\":\"the-walking-dead\",\"postDate\":1423232400,\"expiryDate\":null,\"enabled\":1,\"fields\":{\"8\":\"DISH and AMC\",\"7\":[\"9\"],\"3\":\"\",\"4\":\"\",\"9\":\"The Walking Dead\",\"5\":[\"31\"],\"6\":\"Launch\"}}', '2015-02-13 14:40:02', '2015-02-13 14:40:02', '9c171995-ae6a-4b7b-b596-e63d9cb2cc95');
INSERT INTO `craft_entryversions` (`id`, `entryId`, `sectionId`, `creatorId`, `locale`, `num`, `notes`, `data`, `dateCreated`, `dateUpdated`, `uid`) VALUES ('30', '35', '3', '1', 'en_us', '2', '', '{\"typeId\":\"3\",\"authorId\":\"1\",\"title\":\"ABC Lexus\",\"slug\":\"abc-lexus\",\"postDate\":1423489380,\"expiryDate\":null,\"enabled\":1,\"fields\":{\"8\":\"ABC and Lexus\",\"7\":[\"9\"],\"3\":[\"19\"],\"4\":[\"25\"],\"9\":\"Betrayal and Revent\",\"5\":[\"34\"],\"6\":\"Co-Branded\"}}', '2015-02-13 14:47:07', '2015-02-13 14:47:07', 'a9907c16-e913-44ff-b440-65872aa1f7b8');
INSERT INTO `craft_entryversions` (`id`, `entryId`, `sectionId`, `creatorId`, `locale`, `num`, `notes`, `data`, `dateCreated`, `dateUpdated`, `uid`) VALUES ('31', '39', '3', '1', 'en_us', '1', '', '{\"typeId\":null,\"authorId\":\"1\",\"title\":\"Chiller.tv Coffee Run\",\"slug\":\"chiller-tv-coffee-run\",\"postDate\":1424181917,\"expiryDate\":null,\"enabled\":1,\"fields\":{\"8\":\"Chiller\",\"7\":[\"10\"],\"3\":[\"24\"],\"4\":[\"30\"],\"9\":\"Coffee Run\",\"5\":[\"38\"],\"6\":\"Launch\"}}', '2015-02-17 14:05:17', '2015-02-17 14:05:17', '1ee3f72b-3230-46c8-8b41-28c75b62e381');
INSERT INTO `craft_entryversions` (`id`, `entryId`, `sectionId`, `creatorId`, `locale`, `num`, `notes`, `data`, `dateCreated`, `dateUpdated`, `uid`) VALUES ('32', '2', '1', '1', 'en_us', '6', '', '{\"typeId\":\"1\",\"authorId\":null,\"title\":\"Homepage\",\"slug\":\"homepage\",\"postDate\":1421346707,\"expiryDate\":null,\"enabled\":1,\"fields\":{\"15\":[\"35\",\"37\",\"39\",\"33\"]}}', '2015-02-17 14:06:36', '2015-02-17 14:06:36', 'e78cfea9-75c4-4ee2-8635-32853e22e205');
INSERT INTO `craft_entryversions` (`id`, `entryId`, `sectionId`, `creatorId`, `locale`, `num`, `notes`, `data`, `dateCreated`, `dateUpdated`, `uid`) VALUES ('33', '2', '1', '1', 'en_us', '7', '', '{\"typeId\":\"1\",\"authorId\":null,\"title\":\"Homepage\",\"slug\":\"homepage\",\"postDate\":1421346707,\"expiryDate\":null,\"enabled\":1,\"fields\":{\"15\":[\"35\",\"37\",\"39\",\"33\",\"18\"]}}', '2015-02-17 14:07:25', '2015-02-17 14:07:25', '394ace0d-1f85-48b2-852c-0587f7e8bd10');
INSERT INTO `craft_entryversions` (`id`, `entryId`, `sectionId`, `creatorId`, `locale`, `num`, `notes`, `data`, `dateCreated`, `dateUpdated`, `uid`) VALUES ('34', '15', '2', '1', 'en_us', '2', '', '{\"typeId\":\"2\",\"authorId\":\"1\",\"title\":\"Chuck\'s Eat The Street\",\"slug\":\"chucks-eat-the-street\",\"postDate\":1374710400,\"expiryDate\":null,\"enabled\":1,\"fields\":{\"1\":\"<p>We put on our dancing shoes for the second season commercial shoot of<strong> Chuck\'s Eat The Street<\\/strong> on <em>The Cooking Channel<\\/em>. The spot was originally set as live action in the Bronx, but a massive thunderstorm the day of didn\'t agree with that plan. We reworked the concept to showcase Chuck\'s span across the country via green screen. Chuck and his loyal backup singers travel through postcards, visiting the streets of Washington DC, San Antonio, and more for the most delicious dishes. We\'re really happy with the spot in light of the initial challenges, and we thank Chuck and the crew for being so flexible. But now we can\'t get the spot\'s song out of our heads!<\\/p>\",\"14\":[\"35\"]}}', '2015-02-17 14:29:58', '2015-02-17 14:29:58', 'bd025839-d07a-441c-a5e1-5c70dcbefe03');
INSERT INTO `craft_entryversions` (`id`, `entryId`, `sectionId`, `creatorId`, `locale`, `num`, `notes`, `data`, `dateCreated`, `dateUpdated`, `uid`) VALUES ('35', '16', '2', '1', 'en_us', '2', '', '{\"typeId\":\"2\",\"authorId\":\"1\",\"title\":\"Coppertone\",\"slug\":\"coppertone\",\"postDate\":1369267200,\"expiryDate\":null,\"enabled\":1,\"fields\":{\"1\":\"<p>We start our celebration for the summer season early with <strong>Coppertone<\\/strong> and <strong>USA Network<\\/strong>. <strong>Mark Feuerstein<\\/strong> reprises his role from USA\'s Royal Pains to enjoy a gorgeous day at the beach. He relaxes, wades in the water, and soaks up the sun with a bottle of Coopertone at hand. Always eager to show off, Mark makes sure to broadcast his fun to <strong>Callie Thorne<\\/strong> of Necessary Roughness fame. Despite Mark\'s upbeat performance, this spot was actually filmed on one of the coldest days of the year! The spot was still a lot of fun to make, and a great way to connect summer fun for these two brands.<\\/p>\",\"14\":[\"33\"]}}', '2015-02-17 14:37:50', '2015-02-17 14:37:50', 'c33558f5-732a-434f-a8d1-bc929112895a');
INSERT INTO `craft_entryversions` (`id`, `entryId`, `sectionId`, `creatorId`, `locale`, `num`, `notes`, `data`, `dateCreated`, `dateUpdated`, `uid`) VALUES ('36', '17', '2', '1', 'en_us', '3', '', '{\"typeId\":\"2\",\"authorId\":\"1\",\"title\":\"Life Is Funny\",\"slug\":\"life-is-funny\",\"postDate\":1369145640,\"expiryDate\":null,\"enabled\":1,\"fields\":{\"1\":\"<p>We had a great time shooting with TBS and Wendy\'s recently to create promos for the \\u201cLife is Funny\\\" campaign. After locating a fantastic apartment near Wee Beastie headquarters in downtown Manhattan, the crew loaded in for a long yet productive day of filming. The spots highlight the great things that happen when friends, and Wendy\'s, get together. When all was said and done, we had three brand new promos showcasing two fantastic brands. The team had lots of fun, but we are forever finished with the word \\u201cbooyah\\\". Ha! Click the video link to check out the spot!<\\/p>\",\"14\":[\"37\"]}}', '2015-02-17 14:38:08', '2015-02-17 14:38:08', 'd354ff1b-be99-40da-b900-ae3e1f56fdae');
INSERT INTO `craft_entryversions` (`id`, `entryId`, `sectionId`, `creatorId`, `locale`, `num`, `notes`, `data`, `dateCreated`, `dateUpdated`, `uid`) VALUES ('37', '14', '2', '1', 'en_us', '2', '', '{\"typeId\":\"2\",\"authorId\":\"1\",\"title\":\"The Perfect Choice\",\"slug\":\"the-perfect-choice\",\"postDate\":1395964800,\"expiryDate\":null,\"enabled\":1,\"fields\":{\"1\":\"<p>Create our very own game show, and have it hosted by the one and only Bob Eubanks? Count us in! This spot for DISH spices up the classic \\\"Dating Game\\\" format with new \\\"contestants\\\" and one very lucky lady. Everything about the spot is custom, from the custom-built 70\'s-themed set, to custom colors that mimic the iconic red hues of DISH. Bob Eubanks, the veteran game show host that he is, walked on set and was immediately in his element. The finished product is a riotous spot, and of course a happy couple.<\\/p>\",\"14\":[\"39\"]}}', '2015-02-17 14:38:22', '2015-02-17 14:38:22', '03137ff2-bd84-4ce8-83b8-c37fdef41d0a');
INSERT INTO `craft_entryversions` (`id`, `entryId`, `sectionId`, `creatorId`, `locale`, `num`, `notes`, `data`, `dateCreated`, `dateUpdated`, `uid`) VALUES ('38', '37', '3', '1', 'en_us', '4', '', '{\"typeId\":\"3\",\"authorId\":\"1\",\"title\":\"A&E Wendy\'s Shipping Wars\",\"slug\":\"a-e-wendys-shipping-wars\",\"postDate\":1423575900,\"expiryDate\":null,\"enabled\":1,\"fields\":{\"1\":\"\",\"8\":\"A&E and Wendy\'s\",\"7\":[\"9\"],\"3\":[\"22\"],\"4\":[\"26\"],\"9\":\"Shipping Wars\",\"5\":[\"36\"],\"6\":\"Automotive\"}}', '2015-03-05 22:00:41', '2015-03-05 22:00:41', '330e5cf5-d938-48dd-9835-e074a2249527');
INSERT INTO `craft_entryversions` (`id`, `entryId`, `sectionId`, `creatorId`, `locale`, `num`, `notes`, `data`, `dateCreated`, `dateUpdated`, `uid`) VALUES ('39', '43', '3', '1', 'en_us', '1', '', '{\"typeId\":null,\"authorId\":\"1\",\"title\":\"Test From Denizen\",\"slug\":\"test-from-denizen\",\"postDate\":1426252869,\"expiryDate\":null,\"enabled\":1,\"fields\":{\"1\":\"\",\"8\":\"Company\",\"7\":[\"10\"],\"3\":[\"40\"],\"4\":[\"41\"],\"9\":\"Placeholder Project Name\",\"5\":[\"42\"],\"6\":\"Co-Branded\"}}', '2015-03-13 13:21:09', '2015-03-13 13:21:09', '1d191d1e-984f-4dbc-962d-8e673947da05');
INSERT INTO `craft_entryversions` (`id`, `entryId`, `sectionId`, `creatorId`, `locale`, `num`, `notes`, `data`, `dateCreated`, `dateUpdated`, `uid`) VALUES ('40', '6', '7', '1', 'en_us', '1', '', '{\"typeId\":\"8\",\"authorId\":null,\"title\":\"Directors Page\",\"slug\":\"directorspage\",\"postDate\":1422378043,\"expiryDate\":null,\"enabled\":1,\"fields\":{\"7\":[\"13\",\"12\",\"10\",\"11\"]}}', '2015-03-17 13:04:14', '2015-03-17 13:04:14', 'a8084773-6990-4535-a3cf-ce8f41c624da');
INSERT INTO `craft_entryversions` (`id`, `entryId`, `sectionId`, `creatorId`, `locale`, `num`, `notes`, `data`, `dateCreated`, `dateUpdated`, `uid`) VALUES ('41', '13', '4', '1', 'en_us', '2', '', '{\"typeId\":\"4\",\"authorId\":\"1\",\"title\":\"Alan William Harris\",\"slug\":\"alan-william-harris\",\"postDate\":1422454260,\"expiryDate\":null,\"enabled\":1,\"fields\":{\"1\":\"<p>Alan William Harris is best known for his commercial work for a little mom-and-pop network called MTV, where he has received two Emmy nominations. Alan\'s visual sensibilities lean heavily on style and color while his comedic strengths highlight his background in improvised comedy (being an alumnus of The Second City and Upright Citizen\'s Brigade theaters). To date, he has directed such celebrity talent as Steve Carell, Paul Rudd, Chris Parnell, Rob Corddry and Justin Timerblake, with clients ranging from Burger King and Paramount Studios to Best Buy and The American Legacy Foundation. In addition to his commercial work, Alan is also in pre-production on his first feature film, an indie teen drama\\/comedy scheduled to shoot later this year.<\\/p>\",\"15\":[\"39\",\"43\",\"18\"],\"21\":\"Comedy Dialogue\\/Celebrity\"}}', '2015-03-17 13:07:49', '2015-03-17 13:07:49', 'd42e9279-2d80-4e6d-b5e7-c3c631446ddf');
INSERT INTO `craft_entryversions` (`id`, `entryId`, `sectionId`, `creatorId`, `locale`, `num`, `notes`, `data`, `dateCreated`, `dateUpdated`, `uid`) VALUES ('42', '10', '4', '1', 'en_us', '3', '', '{\"typeId\":\"4\",\"authorId\":\"1\",\"title\":\"Lori Balaban\",\"slug\":\"lori-balaban\",\"postDate\":1422453960,\"expiryDate\":null,\"enabled\":1,\"fields\":{\"1\":\"<p>Lori Balaban has over a decade of entertainment industry experience. She\'s written, produced, and directed for NBC, AMC, CBS, National Geographic, Bain, Harley Davidson, Sundance, and Disney. She\'s committed to storytelling and has written numerous screenplays, documentaries and TV scripts. She\'s currently pursuing an MFA in Creative Writing.<\\/p>\",\"15\":[\"37\"],\"21\":\"Talent\\/Branded Entertainment\"}}', '2015-03-17 13:16:46', '2015-03-17 13:16:46', 'fd7a70ea-b7ac-4225-b149-7b4ee068a54a');
INSERT INTO `craft_entryversions` (`id`, `entryId`, `sectionId`, `creatorId`, `locale`, `num`, `notes`, `data`, `dateCreated`, `dateUpdated`, `uid`) VALUES ('43', '45', '3', '1', 'en_us', '1', NULL, '{\"typeId\":\"3\",\"authorId\":\"1\",\"title\":\"Size Test\",\"slug\":\"size-test\",\"postDate\":1427113932,\"expiryDate\":null,\"enabled\":1,\"fields\":{\"8\":\"Me Myself\",\"3\":[\"44\"],\"4\":\"\",\"9\":\"Denizen Video\",\"5\":\"\",\"6\":\"Automotive\"}}', '2015-03-23 12:32:12', '2015-03-23 12:32:12', '295b0f69-77fd-4f1d-aa2f-83b73c193a8d');
INSERT INTO `craft_entryversions` (`id`, `entryId`, `sectionId`, `creatorId`, `locale`, `num`, `notes`, `data`, `dateCreated`, `dateUpdated`, `uid`) VALUES ('44', '5', '6', '1', 'en_us', '1', '', '{\"typeId\":\"7\",\"authorId\":null,\"title\":\"Our Work\",\"slug\":\"ourwork\",\"postDate\":1422377816,\"expiryDate\":null,\"enabled\":1,\"fields\":{\"15\":[\"37\"]}}', '2015-03-25 13:16:22', '2015-03-25 13:16:22', '3aef2587-559e-4e75-b3ff-81058517aca3');
INSERT INTO `craft_entryversions` (`id`, `entryId`, `sectionId`, `creatorId`, `locale`, `num`, `notes`, `data`, `dateCreated`, `dateUpdated`, `uid`) VALUES ('45', '6', '7', '1', 'en_us', '2', '', '{\"typeId\":\"8\",\"authorId\":null,\"title\":\"Directors Page\",\"slug\":\"directorspage\",\"postDate\":1422378043,\"expiryDate\":null,\"enabled\":1,\"fields\":{\"7\":[\"10\",\"13\",\"12\",\"11\"]}}', '2015-03-26 01:49:22', '2015-03-26 01:49:22', 'd3922313-6e25-45f6-8c6d-5d66affbc28c');
INSERT INTO `craft_entryversions` (`id`, `entryId`, `sectionId`, `creatorId`, `locale`, `num`, `notes`, `data`, `dateCreated`, `dateUpdated`, `uid`) VALUES ('46', '43', '3', '1', 'en_us', '2', '', '{\"typeId\":\"10\",\"authorId\":\"1\",\"title\":\"Test From Denizen\",\"slug\":\"test-from-denizen\",\"postDate\":1426252860,\"expiryDate\":null,\"enabled\":1,\"fields\":{\"8\":\"Company\",\"7\":[\"10\"],\"3\":[\"40\"],\"4\":[\"41\"],\"9\":\"Placeholder Project Name\",\"5\":[\"42\"]}}', '2015-03-31 12:24:30', '2015-03-31 12:24:30', '5f122e57-89b7-4f8f-8907-208c2e1a6521');
INSERT INTO `craft_entryversions` (`id`, `entryId`, `sectionId`, `creatorId`, `locale`, `num`, `notes`, `data`, `dateCreated`, `dateUpdated`, `uid`) VALUES ('47', '45', '3', '1', 'en_us', '2', '', '{\"typeId\":\"10\",\"authorId\":\"1\",\"title\":\"Size Test\",\"slug\":\"size-test\",\"postDate\":1427113920,\"expiryDate\":null,\"enabled\":1,\"fields\":{\"8\":\"Me Myself\",\"7\":\"\",\"3\":[\"44\"],\"4\":\"\",\"9\":\"Denizen Video\",\"5\":\"\"}}', '2015-03-31 13:20:56', '2015-03-31 13:20:56', '011c066d-86e1-4c39-9dc2-860d37212605');
INSERT INTO `craft_entryversions` (`id`, `entryId`, `sectionId`, `creatorId`, `locale`, `num`, `notes`, `data`, `dateCreated`, `dateUpdated`, `uid`) VALUES ('48', '37', '3', '1', 'en_us', '5', '', '{\"typeId\":\"3\",\"authorId\":\"1\",\"title\":\"A&E Wendy\'s Shipping Wars\",\"slug\":\"a-e-wendys-shipping-wars\",\"postDate\":1423575900,\"expiryDate\":null,\"enabled\":1,\"fields\":{\"1\":\"\",\"8\":\"A&E and Wendy\'s\",\"7\":[\"9\"],\"3\":[\"22\"],\"4\":[\"26\"],\"9\":\"Shipping Wars\",\"5\":[\"36\"],\"22\":[\"Automotive\",\"Co-Branded\"],\"6\":\"Automotive\"}}', '2015-04-01 23:11:28', '2015-04-01 23:11:28', 'd43b52ff-898c-43ed-90e4-1357394bb718');
INSERT INTO `craft_entryversions` (`id`, `entryId`, `sectionId`, `creatorId`, `locale`, `num`, `notes`, `data`, `dateCreated`, `dateUpdated`, `uid`) VALUES ('49', '5', '6', '1', 'en_us', '2', '', '{\"typeId\":\"7\",\"authorId\":null,\"title\":\"Our Work\",\"slug\":\"ourwork\",\"postDate\":1422377816,\"expiryDate\":null,\"enabled\":1,\"fields\":{\"15\":[\"37\",\"33\"]}}', '2015-04-02 12:33:34', '2015-04-02 12:33:34', '877d4dce-0fe4-4048-a9fb-400791c7d3dc');



DROP TABLE IF EXISTS `craft_fieldgroups`;


--
-- Schema for table `craft_fieldgroups`
--
CREATE TABLE `craft_fieldgroups` (
  `id` int(11) NOT NULL AUTO_INCREMENT,
  `name` varchar(255) COLLATE utf8_unicode_ci NOT NULL,
  `dateCreated` datetime NOT NULL,
  `dateUpdated` datetime NOT NULL,
  `uid` char(36) COLLATE utf8_unicode_ci NOT NULL DEFAULT '0',
  PRIMARY KEY (`id`),
  UNIQUE KEY `craft_fieldgroups_name_unq_idx` (`name`)
) ENGINE=InnoDB AUTO_INCREMENT=7 DEFAULT CHARSET=utf8 COLLATE=utf8_unicode_ci;

--
-- Data for table `craft_fieldgroups`
--

INSERT INTO `craft_fieldgroups` (`id`, `name`, `dateCreated`, `dateUpdated`, `uid`) VALUES ('1', 'Default', '2015-01-15 18:31:47', '2015-01-15 18:31:47', '31f0ace7-c2d5-4751-988e-77fe831c73c9');
INSERT INTO `craft_fieldgroups` (`id`, `name`, `dateCreated`, `dateUpdated`, `uid`) VALUES ('2', 'Video', '2015-01-26 14:33:34', '2015-01-26 14:38:11', '50a1da4d-1823-4b4a-86c1-feb42b7f7a7d');
INSERT INTO `craft_fieldgroups` (`id`, `name`, `dateCreated`, `dateUpdated`, `uid`) VALUES ('3', 'Globals', '2015-01-27 16:33:27', '2015-01-27 16:33:27', 'bcb992b4-1aff-4396-b994-af076bde8b86');
INSERT INTO `craft_fieldgroups` (`id`, `name`, `dateCreated`, `dateUpdated`, `uid`) VALUES ('4', 'News', '2015-01-27 16:42:07', '2015-01-27 16:42:07', 'bc1dd3e5-c0f7-4b2f-8fee-7913800ee344');
INSERT INTO `craft_fieldgroups` (`id`, `name`, `dateCreated`, `dateUpdated`, `uid`) VALUES ('5', 'Directors', '2015-01-27 16:44:30', '2015-01-27 16:44:30', '5207bda1-106c-435f-b2b2-7a9677593c5e');
INSERT INTO `craft_fieldgroups` (`id`, `name`, `dateCreated`, `dateUpdated`, `uid`) VALUES ('6', 'About', '2015-01-27 17:02:07', '2015-01-27 17:02:07', 'be758fd9-c532-4e7e-93cc-a35c962f9770');



DROP TABLE IF EXISTS `craft_fieldlayoutfields`;


--
-- Schema for table `craft_fieldlayoutfields`
--
CREATE TABLE `craft_fieldlayoutfields` (
  `id` int(11) NOT NULL AUTO_INCREMENT,
  `layoutId` int(11) NOT NULL,
  `tabId` int(11) NOT NULL,
  `fieldId` int(11) NOT NULL,
  `required` tinyint(1) unsigned NOT NULL DEFAULT '0',
  `sortOrder` tinyint(4) DEFAULT NULL,
  `dateCreated` datetime NOT NULL,
  `dateUpdated` datetime NOT NULL,
  `uid` char(36) COLLATE utf8_unicode_ci NOT NULL DEFAULT '0',
  PRIMARY KEY (`id`),
  UNIQUE KEY `craft_fieldlayoutfields_layoutId_fieldId_unq_idx` (`layoutId`,`fieldId`),
  KEY `craft_fieldlayoutfields_sortOrder_idx` (`sortOrder`),
  KEY `craft_fieldlayoutfields_tabId_fk` (`tabId`),
  KEY `craft_fieldlayoutfields_fieldId_fk` (`fieldId`)
) ENGINE=InnoDB AUTO_INCREMENT=89 DEFAULT CHARSET=utf8 COLLATE=utf8_unicode_ci;

--
-- Data for table `craft_fieldlayoutfields`
--

INSERT INTO `craft_fieldlayoutfields` (`id`, `layoutId`, `tabId`, `fieldId`, `required`, `sortOrder`, `dateCreated`, `dateUpdated`, `uid`) VALUES ('25', '16', '7', '11', '0', '1', '2015-01-27 16:36:23', '2015-01-27 16:36:23', '5fcdf22c-e2be-4474-ada2-19cc2352720c');
INSERT INTO `craft_fieldlayoutfields` (`id`, `layoutId`, `tabId`, `fieldId`, `required`, `sortOrder`, `dateCreated`, `dateUpdated`, `uid`) VALUES ('26', '16', '7', '13', '0', '2', '2015-01-27 16:36:23', '2015-01-27 16:36:23', 'bab8b174-fcde-4e30-92b1-032017c7de95');
INSERT INTO `craft_fieldlayoutfields` (`id`, `layoutId`, `tabId`, `fieldId`, `required`, `sortOrder`, `dateCreated`, `dateUpdated`, `uid`) VALUES ('27', '16', '7', '12', '0', '3', '2015-01-27 16:36:23', '2015-01-27 16:36:23', '0fbf5870-1143-4062-ad67-64332938ff07');
INSERT INTO `craft_fieldlayoutfields` (`id`, `layoutId`, `tabId`, `fieldId`, `required`, `sortOrder`, `dateCreated`, `dateUpdated`, `uid`) VALUES ('28', '16', '7', '10', '0', '4', '2015-01-27 16:36:23', '2015-01-27 16:36:23', '083ee436-1667-402d-adca-7d13f165373c');
INSERT INTO `craft_fieldlayoutfields` (`id`, `layoutId`, `tabId`, `fieldId`, `required`, `sortOrder`, `dateCreated`, `dateUpdated`, `uid`) VALUES ('32', '19', '9', '3', '0', '1', '2015-01-27 16:41:01', '2015-01-27 16:41:01', '6377bd6a-df7c-4a9e-84c7-ff1959dc7191');
INSERT INTO `craft_fieldlayoutfields` (`id`, `layoutId`, `tabId`, `fieldId`, `required`, `sortOrder`, `dateCreated`, `dateUpdated`, `uid`) VALUES ('33', '19', '9', '4', '0', '2', '2015-01-27 16:41:01', '2015-01-27 16:41:01', '31930070-7c8d-45ee-bfad-fb05dc7c5372');
INSERT INTO `craft_fieldlayoutfields` (`id`, `layoutId`, `tabId`, `fieldId`, `required`, `sortOrder`, `dateCreated`, `dateUpdated`, `uid`) VALUES ('34', '19', '9', '5', '0', '3', '2015-01-27 16:41:01', '2015-01-27 16:41:01', 'f93ff3b3-a459-4bb5-9773-0dd0c99b57d4');
INSERT INTO `craft_fieldlayoutfields` (`id`, `layoutId`, `tabId`, `fieldId`, `required`, `sortOrder`, `dateCreated`, `dateUpdated`, `uid`) VALUES ('35', '20', '10', '1', '1', '1', '2015-01-27 16:43:11', '2015-01-27 16:43:11', 'f9f23e07-e18f-4092-b100-3beed8ae7ec2');
INSERT INTO `craft_fieldlayoutfields` (`id`, `layoutId`, `tabId`, `fieldId`, `required`, `sortOrder`, `dateCreated`, `dateUpdated`, `uid`) VALUES ('36', '20', '10', '14', '0', '2', '2015-01-27 16:43:11', '2015-01-27 16:43:11', '9f5f1567-147c-4569-b50e-f0225d295ca3');
INSERT INTO `craft_fieldlayoutfields` (`id`, `layoutId`, `tabId`, `fieldId`, `required`, `sortOrder`, `dateCreated`, `dateUpdated`, `uid`) VALUES ('40', '24', '13', '15', '0', '1', '2015-01-27 16:57:31', '2015-01-27 16:57:31', '0fae7134-d830-4846-af88-41c7605ee92a');
INSERT INTO `craft_fieldlayoutfields` (`id`, `layoutId`, `tabId`, `fieldId`, `required`, `sortOrder`, `dateCreated`, `dateUpdated`, `uid`) VALUES ('41', '25', '14', '15', '0', '1', '2015-01-27 16:59:00', '2015-01-27 16:59:00', '6e0d9b0a-47c3-4515-a525-eb8871431f1d');
INSERT INTO `craft_fieldlayoutfields` (`id`, `layoutId`, `tabId`, `fieldId`, `required`, `sortOrder`, `dateCreated`, `dateUpdated`, `uid`) VALUES ('42', '27', '15', '7', '0', '1', '2015-01-27 17:01:23', '2015-01-27 17:01:23', '301e6a19-b6bb-400d-a381-ee79cdc9c02e');
INSERT INTO `craft_fieldlayoutfields` (`id`, `layoutId`, `tabId`, `fieldId`, `required`, `sortOrder`, `dateCreated`, `dateUpdated`, `uid`) VALUES ('47', '31', '17', '16', '0', '1', '2015-01-27 22:56:59', '2015-01-27 22:56:59', 'bc086cff-5f85-4614-adda-e19f64bba357');
INSERT INTO `craft_fieldlayoutfields` (`id`, `layoutId`, `tabId`, `fieldId`, `required`, `sortOrder`, `dateCreated`, `dateUpdated`, `uid`) VALUES ('48', '31', '17', '20', '0', '2', '2015-01-27 22:56:59', '2015-01-27 22:56:59', 'c972be6e-c6ca-4346-9821-2a8e0986d820');
INSERT INTO `craft_fieldlayoutfields` (`id`, `layoutId`, `tabId`, `fieldId`, `required`, `sortOrder`, `dateCreated`, `dateUpdated`, `uid`) VALUES ('49', '31', '17', '17', '0', '3', '2015-01-27 22:56:59', '2015-01-27 22:56:59', '51697295-3fce-486e-b310-7c0fdc746165');
INSERT INTO `craft_fieldlayoutfields` (`id`, `layoutId`, `tabId`, `fieldId`, `required`, `sortOrder`, `dateCreated`, `dateUpdated`, `uid`) VALUES ('50', '31', '17', '18', '0', '4', '2015-01-27 22:56:59', '2015-01-27 22:56:59', '32f129b2-67e1-4590-9142-1078189a1450');
INSERT INTO `craft_fieldlayoutfields` (`id`, `layoutId`, `tabId`, `fieldId`, `required`, `sortOrder`, `dateCreated`, `dateUpdated`, `uid`) VALUES ('51', '31', '17', '19', '0', '5', '2015-01-27 22:56:59', '2015-01-27 22:56:59', '96b9a721-b642-4933-981d-ad4516488af6');
INSERT INTO `craft_fieldlayoutfields` (`id`, `layoutId`, `tabId`, `fieldId`, `required`, `sortOrder`, `dateCreated`, `dateUpdated`, `uid`) VALUES ('52', '32', '18', '1', '0', '1', '2015-01-28 14:07:23', '2015-01-28 14:07:23', '0e8d4094-72a0-4c05-964f-2de161b92dd8');
INSERT INTO `craft_fieldlayoutfields` (`id`, `layoutId`, `tabId`, `fieldId`, `required`, `sortOrder`, `dateCreated`, `dateUpdated`, `uid`) VALUES ('53', '32', '18', '21', '0', '2', '2015-01-28 14:07:23', '2015-01-28 14:07:23', '9609298e-db44-49b0-8e76-90c3c0f9a626');
INSERT INTO `craft_fieldlayoutfields` (`id`, `layoutId`, `tabId`, `fieldId`, `required`, `sortOrder`, `dateCreated`, `dateUpdated`, `uid`) VALUES ('54', '32', '18', '15', '0', '3', '2015-01-28 14:07:23', '2015-01-28 14:07:23', '99a09c20-ae91-4cdb-b934-c10e67604cbc');
INSERT INTO `craft_fieldlayoutfields` (`id`, `layoutId`, `tabId`, `fieldId`, `required`, `sortOrder`, `dateCreated`, `dateUpdated`, `uid`) VALUES ('65', '42', '22', '1', '0', '1', '2015-02-17 14:54:56', '2015-02-17 14:54:56', '0aad909e-9d1b-4dce-ba03-a1622d6b4f83');
INSERT INTO `craft_fieldlayoutfields` (`id`, `layoutId`, `tabId`, `fieldId`, `required`, `sortOrder`, `dateCreated`, `dateUpdated`, `uid`) VALUES ('66', '43', '23', '8', '0', '1', '2015-03-31 12:23:56', '2015-03-31 12:23:56', '4ae69827-f43f-42a2-b87e-9806ccff444b');
INSERT INTO `craft_fieldlayoutfields` (`id`, `layoutId`, `tabId`, `fieldId`, `required`, `sortOrder`, `dateCreated`, `dateUpdated`, `uid`) VALUES ('67', '43', '23', '7', '0', '2', '2015-03-31 12:23:56', '2015-03-31 12:23:56', 'cac3561a-71eb-4d26-91ad-128d354e6cc7');
INSERT INTO `craft_fieldlayoutfields` (`id`, `layoutId`, `tabId`, `fieldId`, `required`, `sortOrder`, `dateCreated`, `dateUpdated`, `uid`) VALUES ('68', '43', '23', '3', '0', '3', '2015-03-31 12:23:56', '2015-03-31 12:23:56', '75f7e4a7-7254-479c-a18a-22a769a7a58d');
INSERT INTO `craft_fieldlayoutfields` (`id`, `layoutId`, `tabId`, `fieldId`, `required`, `sortOrder`, `dateCreated`, `dateUpdated`, `uid`) VALUES ('69', '43', '23', '4', '0', '4', '2015-03-31 12:23:56', '2015-03-31 12:23:56', '4d3f793d-898d-44f3-b651-0338c4eaeacf');
INSERT INTO `craft_fieldlayoutfields` (`id`, `layoutId`, `tabId`, `fieldId`, `required`, `sortOrder`, `dateCreated`, `dateUpdated`, `uid`) VALUES ('70', '43', '23', '9', '0', '5', '2015-03-31 12:23:56', '2015-03-31 12:23:56', 'e6482def-6eab-401b-b7e1-3c783ac03f2c');
INSERT INTO `craft_fieldlayoutfields` (`id`, `layoutId`, `tabId`, `fieldId`, `required`, `sortOrder`, `dateCreated`, `dateUpdated`, `uid`) VALUES ('71', '43', '23', '5', '0', '6', '2015-03-31 12:23:56', '2015-03-31 12:23:56', 'c526c510-dcfb-49e9-890e-34986d6202ea');
INSERT INTO `craft_fieldlayoutfields` (`id`, `layoutId`, `tabId`, `fieldId`, `required`, `sortOrder`, `dateCreated`, `dateUpdated`, `uid`) VALUES ('80', '45', '25', '9', '0', '1', '2015-04-01 23:10:50', '2015-04-01 23:10:50', '436d8b41-fad9-461c-94ab-694a49a24717');
INSERT INTO `craft_fieldlayoutfields` (`id`, `layoutId`, `tabId`, `fieldId`, `required`, `sortOrder`, `dateCreated`, `dateUpdated`, `uid`) VALUES ('81', '45', '25', '8', '0', '2', '2015-04-01 23:10:50', '2015-04-01 23:10:50', '6df86329-fac1-414c-8cf3-208fd62d7f46');
INSERT INTO `craft_fieldlayoutfields` (`id`, `layoutId`, `tabId`, `fieldId`, `required`, `sortOrder`, `dateCreated`, `dateUpdated`, `uid`) VALUES ('82', '45', '25', '3', '0', '3', '2015-04-01 23:10:50', '2015-04-01 23:10:50', 'db155144-60dd-4c3d-8abe-65e7222b112f');
INSERT INTO `craft_fieldlayoutfields` (`id`, `layoutId`, `tabId`, `fieldId`, `required`, `sortOrder`, `dateCreated`, `dateUpdated`, `uid`) VALUES ('83', '45', '25', '4', '0', '4', '2015-04-01 23:10:50', '2015-04-01 23:10:50', '36324198-968e-4854-9555-4b03ae3cf060');
INSERT INTO `craft_fieldlayoutfields` (`id`, `layoutId`, `tabId`, `fieldId`, `required`, `sortOrder`, `dateCreated`, `dateUpdated`, `uid`) VALUES ('84', '45', '25', '5', '0', '5', '2015-04-01 23:10:50', '2015-04-01 23:10:50', '11d70ebd-d376-4696-afa8-5dff82e4379c');
INSERT INTO `craft_fieldlayoutfields` (`id`, `layoutId`, `tabId`, `fieldId`, `required`, `sortOrder`, `dateCreated`, `dateUpdated`, `uid`) VALUES ('85', '45', '25', '6', '0', '6', '2015-04-01 23:10:50', '2015-04-01 23:10:50', 'ab9b1d54-78db-4c39-a122-103ec585a5a1');
INSERT INTO `craft_fieldlayoutfields` (`id`, `layoutId`, `tabId`, `fieldId`, `required`, `sortOrder`, `dateCreated`, `dateUpdated`, `uid`) VALUES ('86', '45', '25', '22', '0', '7', '2015-04-01 23:10:50', '2015-04-01 23:10:50', 'be74c75c-dece-479c-852f-8959c9b6c0f2');
INSERT INTO `craft_fieldlayoutfields` (`id`, `layoutId`, `tabId`, `fieldId`, `required`, `sortOrder`, `dateCreated`, `dateUpdated`, `uid`) VALUES ('87', '45', '25', '7', '0', '8', '2015-04-01 23:10:50', '2015-04-01 23:10:50', '5efbd89d-ccdc-4bc7-8917-96f2e3efff89');
INSERT INTO `craft_fieldlayoutfields` (`id`, `layoutId`, `tabId`, `fieldId`, `required`, `sortOrder`, `dateCreated`, `dateUpdated`, `uid`) VALUES ('88', '45', '25', '1', '0', '9', '2015-04-01 23:10:50', '2015-04-01 23:10:50', 'cbbcd0d9-85fc-497d-b3e8-660213759622');



DROP TABLE IF EXISTS `craft_fieldlayouts`;


--
-- Schema for table `craft_fieldlayouts`
--
CREATE TABLE `craft_fieldlayouts` (
  `id` int(11) NOT NULL AUTO_INCREMENT,
  `type` varchar(150) COLLATE utf8_unicode_ci NOT NULL,
  `dateCreated` datetime NOT NULL,
  `dateUpdated` datetime NOT NULL,
  `uid` char(36) COLLATE utf8_unicode_ci NOT NULL DEFAULT '0',
  PRIMARY KEY (`id`),
  KEY `craft_fieldlayouts_type_idx` (`type`)
) ENGINE=InnoDB AUTO_INCREMENT=46 DEFAULT CHARSET=utf8 COLLATE=utf8_unicode_ci;

--
-- Data for table `craft_fieldlayouts`
--

INSERT INTO `craft_fieldlayouts` (`id`, `type`, `dateCreated`, `dateUpdated`, `uid`) VALUES ('1', 'Tag', '2015-01-15 18:31:47', '2015-01-15 18:31:47', 'ed42712f-c96a-44c0-ba48-1ebb6841f41d');
INSERT INTO `craft_fieldlayouts` (`id`, `type`, `dateCreated`, `dateUpdated`, `uid`) VALUES ('9', 'Asset', '2015-01-27 16:24:24', '2015-01-27 16:24:24', 'bd088e14-52da-446f-9450-6dde2dfb8907');
INSERT INTO `craft_fieldlayouts` (`id`, `type`, `dateCreated`, `dateUpdated`, `uid`) VALUES ('10', 'Asset', '2015-01-27 16:24:52', '2015-01-27 16:24:52', 'a840f094-398d-4d71-a793-b46f83ec823c');
INSERT INTO `craft_fieldlayouts` (`id`, `type`, `dateCreated`, `dateUpdated`, `uid`) VALUES ('16', 'GlobalSet', '2015-01-27 16:36:23', '2015-01-27 16:36:23', '2cf0a7fe-a54d-4f05-a257-6d30093c5459');
INSERT INTO `craft_fieldlayouts` (`id`, `type`, `dateCreated`, `dateUpdated`, `uid`) VALUES ('19', 'Entry', '2015-01-27 16:41:01', '2015-01-27 16:41:01', '03640c06-7a9d-48f1-836f-91f08fb8fbd5');
INSERT INTO `craft_fieldlayouts` (`id`, `type`, `dateCreated`, `dateUpdated`, `uid`) VALUES ('20', 'Entry', '2015-01-27 16:43:11', '2015-01-27 16:43:11', '139f267f-9358-42b2-9445-b743f6f2bf42');
INSERT INTO `craft_fieldlayouts` (`id`, `type`, `dateCreated`, `dateUpdated`, `uid`) VALUES ('24', 'Entry', '2015-01-27 16:57:31', '2015-01-27 16:57:31', '9494bf12-3db0-4fe8-8c16-692b43568042');
INSERT INTO `craft_fieldlayouts` (`id`, `type`, `dateCreated`, `dateUpdated`, `uid`) VALUES ('25', 'Entry', '2015-01-27 16:59:00', '2015-01-27 16:59:00', '06afbdd5-6dea-44d1-a95b-a438fda4c47d');
INSERT INTO `craft_fieldlayouts` (`id`, `type`, `dateCreated`, `dateUpdated`, `uid`) VALUES ('27', 'Entry', '2015-01-27 17:01:23', '2015-01-27 17:01:23', 'bb9f42eb-0874-4d32-a2bd-6ab37a852b79');
INSERT INTO `craft_fieldlayouts` (`id`, `type`, `dateCreated`, `dateUpdated`, `uid`) VALUES ('28', 'Asset', '2015-01-27 17:03:18', '2015-01-27 17:03:18', '10992cd7-8590-4d07-82a0-f8bad83aa111');
INSERT INTO `craft_fieldlayouts` (`id`, `type`, `dateCreated`, `dateUpdated`, `uid`) VALUES ('31', 'Entry', '2015-01-27 22:56:59', '2015-01-27 22:56:59', '1f901be5-5dc0-428c-99ea-1856b4fbd0de');
INSERT INTO `craft_fieldlayouts` (`id`, `type`, `dateCreated`, `dateUpdated`, `uid`) VALUES ('32', 'Entry', '2015-01-28 14:07:23', '2015-01-28 14:07:23', 'e6a7d348-9a10-43d9-9be9-9900d5ac3fb9');
INSERT INTO `craft_fieldlayouts` (`id`, `type`, `dateCreated`, `dateUpdated`, `uid`) VALUES ('40', 'Asset', '2015-02-17 14:53:26', '2015-02-17 14:53:26', '3a5da5d5-45cb-4e52-9e2b-2555d07efa98');
INSERT INTO `craft_fieldlayouts` (`id`, `type`, `dateCreated`, `dateUpdated`, `uid`) VALUES ('42', 'Asset', '2015-02-17 14:54:56', '2015-02-17 14:54:56', '99476132-5163-4e42-9ee7-2319eb32520e');
INSERT INTO `craft_fieldlayouts` (`id`, `type`, `dateCreated`, `dateUpdated`, `uid`) VALUES ('43', 'Entry', '2015-03-31 12:23:56', '2015-03-31 12:23:56', 'ec0036a2-5a55-4a07-be74-3727688721c5');
INSERT INTO `craft_fieldlayouts` (`id`, `type`, `dateCreated`, `dateUpdated`, `uid`) VALUES ('45', 'Entry', '2015-04-01 23:10:50', '2015-04-01 23:10:50', '26605884-4d3c-417c-8b43-e6a128e0da47');



DROP TABLE IF EXISTS `craft_fieldlayouttabs`;


--
-- Schema for table `craft_fieldlayouttabs`
--
CREATE TABLE `craft_fieldlayouttabs` (
  `id` int(11) NOT NULL AUTO_INCREMENT,
  `layoutId` int(11) NOT NULL,
  `name` varchar(255) COLLATE utf8_unicode_ci NOT NULL,
  `sortOrder` tinyint(4) DEFAULT NULL,
  `dateCreated` datetime NOT NULL,
  `dateUpdated` datetime NOT NULL,
  `uid` char(36) COLLATE utf8_unicode_ci NOT NULL DEFAULT '0',
  PRIMARY KEY (`id`),
  KEY `craft_fieldlayouttabs_sortOrder_idx` (`sortOrder`),
  KEY `craft_fieldlayouttabs_layoutId_fk` (`layoutId`)
) ENGINE=InnoDB AUTO_INCREMENT=26 DEFAULT CHARSET=utf8 COLLATE=utf8_unicode_ci;

--
-- Data for table `craft_fieldlayouttabs`
--

INSERT INTO `craft_fieldlayouttabs` (`id`, `layoutId`, `name`, `sortOrder`, `dateCreated`, `dateUpdated`, `uid`) VALUES ('7', '16', 'Content', '1', '2015-01-27 16:36:23', '2015-01-27 16:36:23', '48d4a91c-729a-47b4-bbef-cb2759f2c2b7');
INSERT INTO `craft_fieldlayouttabs` (`id`, `layoutId`, `name`, `sortOrder`, `dateCreated`, `dateUpdated`, `uid`) VALUES ('9', '19', 'Video', '1', '2015-01-27 16:41:01', '2015-01-27 16:41:01', 'd7879b4f-7e42-42e8-baea-555f82bce37d');
INSERT INTO `craft_fieldlayouttabs` (`id`, `layoutId`, `name`, `sortOrder`, `dateCreated`, `dateUpdated`, `uid`) VALUES ('10', '20', 'Content', '1', '2015-01-27 16:43:11', '2015-01-27 16:43:11', 'f3df08e2-45c9-47f6-9209-597269d2dc7c');
INSERT INTO `craft_fieldlayouttabs` (`id`, `layoutId`, `name`, `sortOrder`, `dateCreated`, `dateUpdated`, `uid`) VALUES ('13', '24', 'Presented Work', '1', '2015-01-27 16:57:31', '2015-01-27 16:57:31', '1ff0be7c-2338-4645-935e-bf58470375a7');
INSERT INTO `craft_fieldlayouttabs` (`id`, `layoutId`, `name`, `sortOrder`, `dateCreated`, `dateUpdated`, `uid`) VALUES ('14', '25', 'Homepage Videos', '1', '2015-01-27 16:59:00', '2015-01-27 16:59:00', '2b4c48de-fde5-4730-a98f-556c8d0cf1fb');
INSERT INTO `craft_fieldlayouttabs` (`id`, `layoutId`, `name`, `sortOrder`, `dateCreated`, `dateUpdated`, `uid`) VALUES ('15', '27', 'Directors', '1', '2015-01-27 17:01:23', '2015-01-27 17:01:23', 'bd493576-366e-4f1a-954f-621fea164a61');
INSERT INTO `craft_fieldlayouttabs` (`id`, `layoutId`, `name`, `sortOrder`, `dateCreated`, `dateUpdated`, `uid`) VALUES ('17', '31', 'About', '1', '2015-01-27 22:56:59', '2015-01-27 22:56:59', '835eed02-7042-4d0d-9aab-3dffa7fc1b8f');
INSERT INTO `craft_fieldlayouttabs` (`id`, `layoutId`, `name`, `sortOrder`, `dateCreated`, `dateUpdated`, `uid`) VALUES ('18', '32', 'Director', '1', '2015-01-28 14:07:23', '2015-01-28 14:07:23', 'fd2e1f02-8f3e-4e8c-870d-a05fe61175b5');
INSERT INTO `craft_fieldlayouttabs` (`id`, `layoutId`, `name`, `sortOrder`, `dateCreated`, `dateUpdated`, `uid`) VALUES ('22', '42', 'Content', '1', '2015-02-17 14:54:56', '2015-02-17 14:54:56', 'eb7433d8-9e8e-4cb4-8641-41482b122fe1');
INSERT INTO `craft_fieldlayouttabs` (`id`, `layoutId`, `name`, `sortOrder`, `dateCreated`, `dateUpdated`, `uid`) VALUES ('23', '43', 'Video', '1', '2015-03-31 12:23:56', '2015-03-31 12:23:56', 'c8bcee5f-3840-4ce7-80c1-77666c671702');
INSERT INTO `craft_fieldlayouttabs` (`id`, `layoutId`, `name`, `sortOrder`, `dateCreated`, `dateUpdated`, `uid`) VALUES ('25', '45', 'Video', '1', '2015-04-01 23:10:50', '2015-04-01 23:10:50', '0443c14c-edbf-4ebe-a474-5657eb568f70');



DROP TABLE IF EXISTS `craft_fields`;


--
-- Schema for table `craft_fields`
--
CREATE TABLE `craft_fields` (
  `id` int(11) NOT NULL AUTO_INCREMENT,
  `groupId` int(11) DEFAULT NULL,
  `name` varchar(255) COLLATE utf8_unicode_ci NOT NULL,
  `handle` varchar(58) COLLATE utf8_unicode_ci NOT NULL,
  `context` varchar(255) COLLATE utf8_unicode_ci NOT NULL DEFAULT 'global',
  `instructions` text COLLATE utf8_unicode_ci,
  `translatable` tinyint(1) unsigned NOT NULL DEFAULT '0',
  `type` varchar(150) COLLATE utf8_unicode_ci NOT NULL,
  `settings` text COLLATE utf8_unicode_ci,
  `dateCreated` datetime NOT NULL,
  `dateUpdated` datetime NOT NULL,
  `uid` char(36) COLLATE utf8_unicode_ci NOT NULL DEFAULT '0',
  PRIMARY KEY (`id`),
  UNIQUE KEY `craft_fields_handle_context_unq_idx` (`handle`,`context`),
  KEY `craft_fields_context_idx` (`context`),
  KEY `craft_fields_groupId_fk` (`groupId`)
) ENGINE=InnoDB AUTO_INCREMENT=23 DEFAULT CHARSET=utf8 COLLATE=utf8_unicode_ci;

--
-- Data for table `craft_fields`
--

INSERT INTO `craft_fields` (`id`, `groupId`, `name`, `handle`, `context`, `instructions`, `translatable`, `type`, `settings`, `dateCreated`, `dateUpdated`, `uid`) VALUES ('1', '1', 'Body', 'body', 'global', NULL, '1', 'RichText', '{\"configFile\":\"Standard.json\",\"columnType\":\"text\"}', '2015-01-15 18:31:47', '2015-01-15 18:31:47', '54fe107e-65de-48dd-a144-1983289f14c3');
INSERT INTO `craft_fields` (`id`, `groupId`, `name`, `handle`, `context`, `instructions`, `translatable`, `type`, `settings`, `dateCreated`, `dateUpdated`, `uid`) VALUES ('2', '1', 'Tags', 'tags', 'global', NULL, '0', 'Tags', '{\"source\":\"taggroup:1\"}', '2015-01-15 18:31:47', '2015-01-15 18:31:47', '54b66564-462f-4010-8fe6-d2fb922c20b7');
INSERT INTO `craft_fields` (`id`, `groupId`, `name`, `handle`, `context`, `instructions`, `translatable`, `type`, `settings`, `dateCreated`, `dateUpdated`, `uid`) VALUES ('3', '2', 'MP4', 'videoMP4', 'global', '', '0', 'Assets', '{\"useSingleFolder\":\"\",\"sources\":[\"folder:1\"],\"defaultUploadLocationSource\":\"1\",\"defaultUploadLocationSubpath\":\"\",\"singleUploadLocationSource\":\"1\",\"singleUploadLocationSubpath\":\"public\\/video\\/mp4\",\"restrictFiles\":\"\",\"allowedKinds\":[\"video\"],\"limit\":\"1\"}', '2015-01-26 14:34:45', '2015-02-06 14:28:34', '2997f6bc-513d-44c2-bb4d-02d0e149ede0');
INSERT INTO `craft_fields` (`id`, `groupId`, `name`, `handle`, `context`, `instructions`, `translatable`, `type`, `settings`, `dateCreated`, `dateUpdated`, `uid`) VALUES ('4', '2', 'OGG', 'videoOGG', 'global', '', '0', 'Assets', '{\"useSingleFolder\":\"\",\"sources\":[\"folder:5\"],\"defaultUploadLocationSource\":\"2\",\"defaultUploadLocationSubpath\":\"\",\"singleUploadLocationSource\":\"2\",\"singleUploadLocationSubpath\":\"public\\/video\\/ogg\",\"restrictFiles\":\"\",\"limit\":\"1\"}', '2015-01-26 14:35:22', '2015-02-06 14:28:55', '4694becb-abbe-4d17-bdd4-6132dc4c1cde');
INSERT INTO `craft_fields` (`id`, `groupId`, `name`, `handle`, `context`, `instructions`, `translatable`, `type`, `settings`, `dateCreated`, `dateUpdated`, `uid`) VALUES ('5', '2', 'Screenshot', 'screenshot', 'global', '', '0', 'Assets', '{\"useSingleFolder\":\"\",\"sources\":[\"folder:6\"],\"defaultUploadLocationSource\":\"3\",\"defaultUploadLocationSubpath\":\"\",\"singleUploadLocationSource\":\"3\",\"singleUploadLocationSubpath\":\"public\\/video\\/screenshot\",\"restrictFiles\":\"\",\"limit\":\"1\"}', '2015-01-26 14:36:07', '2015-02-06 14:27:57', '4d0cd9cd-a797-4ba9-a7bc-bb27b78a5c52');
INSERT INTO `craft_fields` (`id`, `groupId`, `name`, `handle`, `context`, `instructions`, `translatable`, `type`, `settings`, `dateCreated`, `dateUpdated`, `uid`) VALUES ('6', '2', 'Video Category', 'videoCategory', 'global', '', '0', 'Dropdown', '{\"options\":[{\"label\":\"Automotive\",\"value\":\"Automotive\",\"default\":\"\"},{\"label\":\"Behind The Scenes\",\"value\":\"Behind-The-Scenes\",\"default\":\"\"},{\"label\":\"Co-Branded\",\"value\":\"Co-Branded\",\"default\":\"\"},{\"label\":\"Comedy\",\"value\":\"Comedy\",\"default\":\"\"},{\"label\":\"Food\",\"value\":\"Food\",\"default\":\"\"},{\"label\":\"Graphics and FX\",\"value\":\"Graphics-and-FX\",\"default\":\"\"},{\"label\":\"Kids\",\"value\":\"Kids\",\"default\":\"\"},{\"label\":\"Launch\",\"value\":\"Launch\",\"default\":\"\"},{\"label\":\"Event\",\"value\":\"Event\",\"default\":\"\"}]}', '2015-01-26 14:37:52', '2015-02-12 13:52:05', 'fadeb71b-43ea-49bf-9eed-f801ed061ad6');
INSERT INTO `craft_fields` (`id`, `groupId`, `name`, `handle`, `context`, `instructions`, `translatable`, `type`, `settings`, `dateCreated`, `dateUpdated`, `uid`) VALUES ('7', '2', 'Director(s)', 'directorSelection', 'global', '', '0', 'Entries', '{\"sources\":[\"section:4\"],\"limit\":\"\"}', '2015-01-27 16:27:51', '2015-01-27 16:28:30', 'd7f888a6-2b00-4dba-9e06-90104430f16c');
INSERT INTO `craft_fields` (`id`, `groupId`, `name`, `handle`, `context`, `instructions`, `translatable`, `type`, `settings`, `dateCreated`, `dateUpdated`, `uid`) VALUES ('8', '2', 'Client', 'client', 'global', '', '0', 'PlainText', '{\"placeholder\":\"\",\"maxLength\":\"\",\"multiline\":\"\",\"initialRows\":\"4\"}', '2015-01-27 16:30:15', '2015-01-27 16:30:15', '1a34825b-3e5d-4da4-8b93-71b442e327d7');
INSERT INTO `craft_fields` (`id`, `groupId`, `name`, `handle`, `context`, `instructions`, `translatable`, `type`, `settings`, `dateCreated`, `dateUpdated`, `uid`) VALUES ('9', '2', 'Project Name', 'projectName', 'global', '', '0', 'PlainText', '{\"placeholder\":\"\",\"maxLength\":\"\",\"multiline\":\"\",\"initialRows\":\"4\"}', '2015-01-27 16:30:33', '2015-01-27 16:30:33', 'c12cabcc-4006-4f4c-8992-300a32befdbb');
INSERT INTO `craft_fields` (`id`, `groupId`, `name`, `handle`, `context`, `instructions`, `translatable`, `type`, `settings`, `dateCreated`, `dateUpdated`, `uid`) VALUES ('10', '3', 'Email', 'email', 'global', '', '0', 'PlainText', '{\"placeholder\":\"info@weebeastie.tv\",\"maxLength\":\"\",\"multiline\":\"\",\"initialRows\":\"4\"}', '2015-01-27 16:34:05', '2015-01-27 16:34:05', 'a93ad644-45e6-4b1e-8b1c-5b76da9ad930');
INSERT INTO `craft_fields` (`id`, `groupId`, `name`, `handle`, `context`, `instructions`, `translatable`, `type`, `settings`, `dateCreated`, `dateUpdated`, `uid`) VALUES ('11', '3', 'Address', 'address', 'global', '', '0', 'PlainText', '{\"placeholder\":\"116 Chambers Street Floor 5, New York, NY 10007\",\"maxLength\":\"\",\"multiline\":\"\",\"initialRows\":\"4\"}', '2015-01-27 16:35:18', '2015-01-27 16:35:18', 'a236454e-c8f3-4d6e-95e6-b56b18a05188');
INSERT INTO `craft_fields` (`id`, `groupId`, `name`, `handle`, `context`, `instructions`, `translatable`, `type`, `settings`, `dateCreated`, `dateUpdated`, `uid`) VALUES ('12', '3', 'Fax Number', 'fax', 'global', '', '0', 'PlainText', '{\"placeholder\":\"\",\"maxLength\":\"\",\"multiline\":\"\",\"initialRows\":\"4\"}', '2015-01-27 16:35:35', '2015-01-27 16:35:35', 'e18e92e2-4bbe-405e-b00e-4d3a24b30a08');
INSERT INTO `craft_fields` (`id`, `groupId`, `name`, `handle`, `context`, `instructions`, `translatable`, `type`, `settings`, `dateCreated`, `dateUpdated`, `uid`) VALUES ('13', '3', 'Phone Number', 'phone', 'global', '', '0', 'PlainText', '{\"placeholder\":\"\",\"maxLength\":\"\",\"multiline\":\"\",\"initialRows\":\"4\"}', '2015-01-27 16:35:50', '2015-01-27 16:35:50', '01b56809-5772-4f14-a1d4-9900db5f9b3a');
INSERT INTO `craft_fields` (`id`, `groupId`, `name`, `handle`, `context`, `instructions`, `translatable`, `type`, `settings`, `dateCreated`, `dateUpdated`, `uid`) VALUES ('14', '4', 'Video', 'newsVideo', 'global', '', '0', 'Entries', '{\"sources\":[\"section:5\",\"section:3\"],\"limit\":\"1\"}', '2015-01-27 16:42:43', '2015-01-27 16:42:43', '23916414-d0bc-473f-94ee-1b7e0cc9ae40');
INSERT INTO `craft_fields` (`id`, `groupId`, `name`, `handle`, `context`, `instructions`, `translatable`, `type`, `settings`, `dateCreated`, `dateUpdated`, `uid`) VALUES ('15', '1', 'Video Selection', 'videoSelection', 'global', '', '0', 'Entries', '{\"sources\":[\"section:3\"],\"limit\":\"6\"}', '2015-01-27 16:46:41', '2015-02-17 14:25:20', '1e708434-9598-420a-b8f6-b0dea3d8ec3c');
INSERT INTO `craft_fields` (`id`, `groupId`, `name`, `handle`, `context`, `instructions`, `translatable`, `type`, `settings`, `dateCreated`, `dateUpdated`, `uid`) VALUES ('16', '6', 'Company Photo', 'companyPhoto', 'global', '', '0', 'Assets', '{\"useSingleFolder\":\"1\",\"sources\":[\"folder:13\"],\"defaultUploadLocationSource\":\"1\",\"defaultUploadLocationSubpath\":\"\",\"singleUploadLocationSource\":\"4\",\"singleUploadLocationSubpath\":\"\",\"restrictFiles\":\"\",\"limit\":\"1\"}', '2015-01-27 17:02:50', '2015-01-27 17:03:38', 'bb5e87f6-3772-45d2-afe3-cc79cc9a4f08');
INSERT INTO `craft_fields` (`id`, `groupId`, `name`, `handle`, `context`, `instructions`, `translatable`, `type`, `settings`, `dateCreated`, `dateUpdated`, `uid`) VALUES ('17', '6', 'Monica Hinden Bio', 'monicaHindenBio', 'global', '', '0', 'RichText', '{\"configFile\":\"\",\"cleanupHtml\":\"1\",\"purifyHtml\":\"\",\"columnType\":\"text\"}', '2015-01-27 17:04:46', '2015-01-27 17:04:46', 'c070a246-d9f1-4e7e-837d-c8a02df1f4cb');
INSERT INTO `craft_fields` (`id`, `groupId`, `name`, `handle`, `context`, `instructions`, `translatable`, `type`, `settings`, `dateCreated`, `dateUpdated`, `uid`) VALUES ('18', '6', 'Chris McKenna Bio', 'chrisMckennaBio', 'global', '', '0', 'RichText', '{\"configFile\":\"\",\"cleanupHtml\":\"1\",\"purifyHtml\":\"\",\"columnType\":\"text\"}', '2015-01-27 17:04:58', '2015-01-27 17:04:58', '8fef6d9e-b041-450c-a1dc-2501d1d8963d');
INSERT INTO `craft_fields` (`id`, `groupId`, `name`, `handle`, `context`, `instructions`, `translatable`, `type`, `settings`, `dateCreated`, `dateUpdated`, `uid`) VALUES ('19', '6', 'What Is A Wee Beastie', 'whatIsAWeeBeastie', 'global', '', '0', 'RichText', '{\"configFile\":\"\",\"cleanupHtml\":\"1\",\"purifyHtml\":\"\",\"columnType\":\"text\"}', '2015-01-27 17:05:26', '2015-01-27 17:05:26', 'c831231b-3da8-4884-996d-5a524f9b30a9');
INSERT INTO `craft_fields` (`id`, `groupId`, `name`, `handle`, `context`, `instructions`, `translatable`, `type`, `settings`, `dateCreated`, `dateUpdated`, `uid`) VALUES ('20', '6', 'About the Company', 'aboutTheCompany', 'global', '', '0', 'RichText', '{\"configFile\":\"\",\"cleanupHtml\":\"1\",\"purifyHtml\":\"\",\"columnType\":\"text\"}', '2015-01-27 22:56:33', '2015-01-27 22:56:33', '8595d5cb-7ef9-4c40-9afd-9d9f83754c90');
INSERT INTO `craft_fields` (`id`, `groupId`, `name`, `handle`, `context`, `instructions`, `translatable`, `type`, `settings`, `dateCreated`, `dateUpdated`, `uid`) VALUES ('21', '5', 'Work Type', 'workType', 'global', '', '0', 'PlainText', '{\"placeholder\":\"\",\"maxLength\":\"\",\"multiline\":\"\",\"initialRows\":\"4\"}', '2015-01-28 14:07:02', '2015-01-28 14:07:02', '225e1abc-4dd2-4c13-a51e-e2319dcceb28');
INSERT INTO `craft_fields` (`id`, `groupId`, `name`, `handle`, `context`, `instructions`, `translatable`, `type`, `settings`, `dateCreated`, `dateUpdated`, `uid`) VALUES ('22', '6', 'Video Categories', 'videoCategories', 'global', '', '0', 'MultiSelect', '{\"options\":[{\"label\":\"Automotive\",\"value\":\"Automotive\",\"default\":\"\"},{\"label\":\"Behind The Scenes\",\"value\":\"Behind-The-Scenes\",\"default\":\"\"},{\"label\":\"Co-Branded\",\"value\":\"Co-Branded\",\"default\":\"\"},{\"label\":\"Comedy\",\"value\":\"Comedy\",\"default\":\"\"},{\"label\":\"Food\",\"value\":\"Food\",\"default\":\"\"},{\"label\":\"Graphics and FX\",\"value\":\"Graphics-and-FX\",\"default\":\"\"},{\"label\":\"Kids\",\"value\":\"Kids\",\"default\":\"\"},{\"label\":\"Launch\",\"value\":\"Launch\",\"default\":\"\"},{\"label\":\"Event\",\"value\":\"Event\",\"default\":\"\"}]}', '2015-04-01 23:10:10', '2015-04-01 23:10:10', 'feab5447-5cf0-4db7-ab80-95752c65c020');



DROP TABLE IF EXISTS `craft_globalsets`;


--
-- Schema for table `craft_globalsets`
--
CREATE TABLE `craft_globalsets` (
  `id` int(11) NOT NULL,
  `name` varchar(255) COLLATE utf8_unicode_ci NOT NULL,
  `handle` varchar(255) COLLATE utf8_unicode_ci NOT NULL,
  `fieldLayoutId` int(10) DEFAULT NULL,
  `dateCreated` datetime NOT NULL,
  `dateUpdated` datetime NOT NULL,
  `uid` char(36) COLLATE utf8_unicode_ci NOT NULL DEFAULT '0',
  PRIMARY KEY (`id`),
  UNIQUE KEY `craft_globalsets_name_unq_idx` (`name`),
  UNIQUE KEY `craft_globalsets_handle_unq_idx` (`handle`),
  KEY `craft_globalsets_fieldLayoutId_fk` (`fieldLayoutId`)
) ENGINE=InnoDB DEFAULT CHARSET=utf8 COLLATE=utf8_unicode_ci;

--
-- Data for table `craft_globalsets`
--

INSERT INTO `craft_globalsets` (`id`, `name`, `handle`, `fieldLayoutId`, `dateCreated`, `dateUpdated`, `uid`) VALUES ('4', 'Contact', 'contact', '16', '2015-01-27 16:33:13', '2015-01-27 16:36:23', 'fd8a4486-06a9-4cb5-9991-8dbc7244c87f');



DROP TABLE IF EXISTS `craft_info`;


--
-- Schema for table `craft_info`
--
CREATE TABLE `craft_info` (
  `id` int(11) NOT NULL AUTO_INCREMENT,
  `version` varchar(15) COLLATE utf8_unicode_ci NOT NULL,
  `build` int(11) unsigned NOT NULL,
  `schemaVersion` varchar(15) COLLATE utf8_unicode_ci NOT NULL,
  `releaseDate` datetime NOT NULL,
  `edition` tinyint(1) unsigned NOT NULL DEFAULT '0',
  `siteName` varchar(100) COLLATE utf8_unicode_ci NOT NULL,
  `siteUrl` varchar(255) COLLATE utf8_unicode_ci NOT NULL,
  `timezone` varchar(30) COLLATE utf8_unicode_ci DEFAULT NULL,
  `on` tinyint(1) unsigned NOT NULL DEFAULT '0',
  `maintenance` tinyint(1) unsigned NOT NULL DEFAULT '0',
  `track` varchar(40) COLLATE utf8_unicode_ci NOT NULL,
  `dateCreated` datetime NOT NULL,
  `dateUpdated` datetime NOT NULL,
  `uid` char(36) COLLATE utf8_unicode_ci NOT NULL DEFAULT '0',
  PRIMARY KEY (`id`)
) ENGINE=InnoDB AUTO_INCREMENT=2 DEFAULT CHARSET=utf8 COLLATE=utf8_unicode_ci;

--
-- Data for table `craft_info`
--

INSERT INTO `craft_info` (`id`, `version`, `build`, `schemaVersion`, `releaseDate`, `edition`, `siteName`, `siteUrl`, `timezone`, `on`, `maintenance`, `track`, `dateCreated`, `dateUpdated`, `uid`) VALUES ('1', '2.3', '2625', '2.3.1', '2015-01-06 22:37:09', '1', 'Wee Beastie', 'http://weebeastie.dev', 'UTC', '1', '1', 'stable', '2015-01-15 18:31:39', '2015-04-02 12:42:57', 'd69368dc-9798-4838-8945-a4fdf739ad3a');



DROP TABLE IF EXISTS `craft_locales`;


--
-- Schema for table `craft_locales`
--
CREATE TABLE `craft_locales` (
  `locale` char(12) COLLATE utf8_unicode_ci NOT NULL,
  `sortOrder` tinyint(4) DEFAULT NULL,
  `dateCreated` datetime NOT NULL,
  `dateUpdated` datetime NOT NULL,
  `uid` char(36) COLLATE utf8_unicode_ci NOT NULL DEFAULT '0',
  PRIMARY KEY (`locale`),
  KEY `craft_locales_sortOrder_idx` (`sortOrder`)
) ENGINE=InnoDB DEFAULT CHARSET=utf8 COLLATE=utf8_unicode_ci;

--
-- Data for table `craft_locales`
--

INSERT INTO `craft_locales` (`locale`, `sortOrder`, `dateCreated`, `dateUpdated`, `uid`) VALUES ('en_us', '1', '2015-01-15 18:31:40', '2015-01-15 18:31:40', '28852157-e115-40e2-b037-0c2afbc3c14c');



DROP TABLE IF EXISTS `craft_matrixblocks`;


--
-- Schema for table `craft_matrixblocks`
--
CREATE TABLE `craft_matrixblocks` (
  `id` int(11) NOT NULL,
  `ownerId` int(11) NOT NULL,
  `fieldId` int(11) NOT NULL,
  `typeId` int(11) DEFAULT NULL,
  `sortOrder` tinyint(4) DEFAULT NULL,
  `ownerLocale` char(12) COLLATE utf8_unicode_ci DEFAULT NULL,
  `dateCreated` datetime NOT NULL,
  `dateUpdated` datetime NOT NULL,
  `uid` char(36) COLLATE utf8_unicode_ci NOT NULL DEFAULT '0',
  PRIMARY KEY (`id`),
  KEY `craft_matrixblocks_ownerId_idx` (`ownerId`),
  KEY `craft_matrixblocks_fieldId_idx` (`fieldId`),
  KEY `craft_matrixblocks_typeId_idx` (`typeId`),
  KEY `craft_matrixblocks_sortOrder_idx` (`sortOrder`),
  KEY `craft_matrixblocks_ownerLocale_fk` (`ownerLocale`)
) ENGINE=InnoDB DEFAULT CHARSET=utf8 COLLATE=utf8_unicode_ci;

DROP TABLE IF EXISTS `craft_matrixblocktypes`;


--
-- Schema for table `craft_matrixblocktypes`
--
CREATE TABLE `craft_matrixblocktypes` (
  `id` int(11) NOT NULL AUTO_INCREMENT,
  `fieldId` int(11) NOT NULL,
  `fieldLayoutId` int(11) DEFAULT NULL,
  `name` varchar(255) COLLATE utf8_unicode_ci NOT NULL,
  `handle` varchar(255) COLLATE utf8_unicode_ci NOT NULL,
  `sortOrder` tinyint(4) DEFAULT NULL,
  `dateCreated` datetime NOT NULL,
  `dateUpdated` datetime NOT NULL,
  `uid` char(36) COLLATE utf8_unicode_ci NOT NULL DEFAULT '0',
  PRIMARY KEY (`id`),
  UNIQUE KEY `craft_matrixblocktypes_name_fieldId_unq_idx` (`name`,`fieldId`),
  UNIQUE KEY `craft_matrixblocktypes_handle_fieldId_unq_idx` (`handle`,`fieldId`),
  KEY `craft_matrixblocktypes_fieldId_fk` (`fieldId`),
  KEY `craft_matrixblocktypes_fieldLayoutId_fk` (`fieldLayoutId`)
) ENGINE=InnoDB DEFAULT CHARSET=utf8 COLLATE=utf8_unicode_ci;

DROP TABLE IF EXISTS `craft_migrations`;


--
-- Schema for table `craft_migrations`
--
CREATE TABLE `craft_migrations` (
  `id` int(11) NOT NULL AUTO_INCREMENT,
  `pluginId` int(11) DEFAULT NULL,
  `version` varchar(255) COLLATE utf8_unicode_ci NOT NULL,
  `applyTime` datetime NOT NULL,
  `dateCreated` datetime NOT NULL,
  `dateUpdated` datetime NOT NULL,
  `uid` char(36) COLLATE utf8_unicode_ci NOT NULL DEFAULT '0',
  PRIMARY KEY (`id`),
  UNIQUE KEY `craft_migrations_version_unq_idx` (`version`),
  KEY `craft_migrations_pluginId_fk` (`pluginId`)
) ENGINE=InnoDB AUTO_INCREMENT=15 DEFAULT CHARSET=utf8 COLLATE=utf8_unicode_ci;

--
-- Data for table `craft_migrations`
--

INSERT INTO `craft_migrations` (`id`, `pluginId`, `version`, `applyTime`, `dateCreated`, `dateUpdated`, `uid`) VALUES ('1', NULL, 'm000000_000000_base', '2015-01-15 18:31:40', '2015-01-15 18:31:40', '2015-01-15 18:31:40', '8d0f383a-44ea-43eb-ac33-cea425b8fdf0');
INSERT INTO `craft_migrations` (`id`, `pluginId`, `version`, `applyTime`, `dateCreated`, `dateUpdated`, `uid`) VALUES ('2', NULL, 'm140730_000001_add_filename_and_format_to_transformindex', '2015-01-15 18:31:40', '2015-01-15 18:31:40', '2015-01-15 18:31:40', 'f037adf8-d778-4335-85dd-e567684b23b3');
INSERT INTO `craft_migrations` (`id`, `pluginId`, `version`, `applyTime`, `dateCreated`, `dateUpdated`, `uid`) VALUES ('3', NULL, 'm140815_000001_add_format_to_transforms', '2015-01-15 18:31:40', '2015-01-15 18:31:40', '2015-01-15 18:31:40', '9f15c503-e911-48e7-8f31-8857c73bad50');
INSERT INTO `craft_migrations` (`id`, `pluginId`, `version`, `applyTime`, `dateCreated`, `dateUpdated`, `uid`) VALUES ('4', NULL, 'm140822_000001_allow_more_than_128_items_per_field', '2015-01-15 18:31:40', '2015-01-15 18:31:40', '2015-01-15 18:31:40', '4db146d8-aec4-48d7-a299-ca3460a12534');
INSERT INTO `craft_migrations` (`id`, `pluginId`, `version`, `applyTime`, `dateCreated`, `dateUpdated`, `uid`) VALUES ('5', NULL, 'm140829_000001_single_title_formats', '2015-01-15 18:31:40', '2015-01-15 18:31:40', '2015-01-15 18:31:40', '573e87ff-54ae-4053-811f-7a21660ce622');
INSERT INTO `craft_migrations` (`id`, `pluginId`, `version`, `applyTime`, `dateCreated`, `dateUpdated`, `uid`) VALUES ('6', NULL, 'm140831_000001_extended_cache_keys', '2015-01-15 18:31:40', '2015-01-15 18:31:40', '2015-01-15 18:31:40', '3d483fd0-5cfc-4521-a11c-496b6c408d95');
INSERT INTO `craft_migrations` (`id`, `pluginId`, `version`, `applyTime`, `dateCreated`, `dateUpdated`, `uid`) VALUES ('7', NULL, 'm140922_000001_delete_orphaned_matrix_blocks', '2015-01-15 18:31:40', '2015-01-15 18:31:40', '2015-01-15 18:31:40', 'ce18a50c-ad2c-4f3b-8cf1-b949033c2e68');
INSERT INTO `craft_migrations` (`id`, `pluginId`, `version`, `applyTime`, `dateCreated`, `dateUpdated`, `uid`) VALUES ('8', NULL, 'm141008_000001_elements_index_tune', '2015-01-15 18:31:40', '2015-01-15 18:31:40', '2015-01-15 18:31:40', '62fbbd2d-28cd-4d37-b5c7-f3dfc5c8fe19');
INSERT INTO `craft_migrations` (`id`, `pluginId`, `version`, `applyTime`, `dateCreated`, `dateUpdated`, `uid`) VALUES ('9', NULL, 'm141009_000001_assets_source_handle', '2015-01-15 18:31:40', '2015-01-15 18:31:40', '2015-01-15 18:31:40', '4ff8f214-df39-46b2-89de-8401789f59c8');
INSERT INTO `craft_migrations` (`id`, `pluginId`, `version`, `applyTime`, `dateCreated`, `dateUpdated`, `uid`) VALUES ('10', NULL, 'm141024_000001_field_layout_tabs', '2015-01-15 18:31:40', '2015-01-15 18:31:40', '2015-01-15 18:31:40', '7d8a11e5-026c-4c8b-861a-d2a7d3823bfa');
INSERT INTO `craft_migrations` (`id`, `pluginId`, `version`, `applyTime`, `dateCreated`, `dateUpdated`, `uid`) VALUES ('11', NULL, 'm141030_000001_drop_structure_move_permission', '2015-01-15 18:31:40', '2015-01-15 18:31:40', '2015-01-15 18:31:40', '566693db-bdd3-46d7-a972-ffe3681b6317');
INSERT INTO `craft_migrations` (`id`, `pluginId`, `version`, `applyTime`, `dateCreated`, `dateUpdated`, `uid`) VALUES ('12', NULL, 'm141103_000001_tag_titles', '2015-01-15 18:31:40', '2015-01-15 18:31:40', '2015-01-15 18:31:40', '62363fb1-b00a-4f59-9d9b-8dbf3b82df07');
INSERT INTO `craft_migrations` (`id`, `pluginId`, `version`, `applyTime`, `dateCreated`, `dateUpdated`, `uid`) VALUES ('13', NULL, 'm141109_000001_user_status_shuffle', '2015-01-15 18:31:40', '2015-01-15 18:31:40', '2015-01-15 18:31:40', 'd01e9d30-736b-45d9-a748-d13cfc5f37b6');
INSERT INTO `craft_migrations` (`id`, `pluginId`, `version`, `applyTime`, `dateCreated`, `dateUpdated`, `uid`) VALUES ('14', NULL, 'm141126_000001_user_week_start_day', '2015-01-15 18:31:40', '2015-01-15 18:31:40', '2015-01-15 18:31:40', 'fe8e96a2-065b-4e14-be94-dbd3f1b00f09');



DROP TABLE IF EXISTS `craft_plugins`;


--
-- Schema for table `craft_plugins`
--
CREATE TABLE `craft_plugins` (
  `id` int(11) NOT NULL AUTO_INCREMENT,
  `class` varchar(150) COLLATE utf8_unicode_ci NOT NULL,
  `version` char(15) COLLATE utf8_unicode_ci NOT NULL,
  `enabled` tinyint(1) unsigned NOT NULL DEFAULT '0',
  `settings` text COLLATE utf8_unicode_ci,
  `installDate` datetime NOT NULL,
  `dateCreated` datetime NOT NULL,
  `dateUpdated` datetime NOT NULL,
  `uid` char(36) COLLATE utf8_unicode_ci NOT NULL DEFAULT '0',
  PRIMARY KEY (`id`)
) ENGINE=InnoDB DEFAULT CHARSET=utf8 COLLATE=utf8_unicode_ci;

DROP TABLE IF EXISTS `craft_rackspaceaccess`;


--
-- Schema for table `craft_rackspaceaccess`
--
CREATE TABLE `craft_rackspaceaccess` (
  `id` int(11) NOT NULL AUTO_INCREMENT,
  `connectionKey` varchar(255) COLLATE utf8_unicode_ci NOT NULL,
  `token` varchar(255) COLLATE utf8_unicode_ci NOT NULL,
  `storageUrl` varchar(255) COLLATE utf8_unicode_ci NOT NULL,
  `cdnUrl` varchar(255) COLLATE utf8_unicode_ci NOT NULL,
  `dateCreated` datetime NOT NULL,
  `dateUpdated` datetime NOT NULL,
  `uid` char(36) COLLATE utf8_unicode_ci NOT NULL DEFAULT '0',
  PRIMARY KEY (`id`),
  UNIQUE KEY `craft_rackspaceaccess_connectionKey_unq_idx` (`connectionKey`)
) ENGINE=InnoDB DEFAULT CHARSET=utf8 COLLATE=utf8_unicode_ci;

DROP TABLE IF EXISTS `craft_relations`;


--
-- Schema for table `craft_relations`
--
CREATE TABLE `craft_relations` (
  `id` int(11) NOT NULL AUTO_INCREMENT,
  `fieldId` int(11) NOT NULL,
  `sourceId` int(11) NOT NULL,
  `sourceLocale` char(12) COLLATE utf8_unicode_ci DEFAULT NULL,
  `targetId` int(11) NOT NULL,
  `sortOrder` smallint(6) DEFAULT NULL,
  `dateCreated` datetime NOT NULL,
  `dateUpdated` datetime NOT NULL,
  `uid` char(36) COLLATE utf8_unicode_ci NOT NULL DEFAULT '0',
  PRIMARY KEY (`id`),
  UNIQUE KEY `craft_relations_fieldId_sourceId_sourceLocale_targetId_unq_idx` (`fieldId`,`sourceId`,`sourceLocale`,`targetId`),
  KEY `craft_relations_sourceId_fk` (`sourceId`),
  KEY `craft_relations_sourceLocale_fk` (`sourceLocale`),
  KEY `craft_relations_targetId_fk` (`targetId`)
) ENGINE=InnoDB AUTO_INCREMENT=83 DEFAULT CHARSET=utf8 COLLATE=utf8_unicode_ci;

--
-- Data for table `craft_relations`
--

INSERT INTO `craft_relations` (`id`, `fieldId`, `sourceId`, `sourceLocale`, `targetId`, `sortOrder`, `dateCreated`, `dateUpdated`, `uid`) VALUES ('4', '16', '7', NULL, '8', '1', '2015-01-27 23:25:46', '2015-01-27 23:25:46', 'adc316e6-e226-4473-b371-2e5f1e65d69c');
INSERT INTO `craft_relations` (`id`, `fieldId`, `sourceId`, `sourceLocale`, `targetId`, `sortOrder`, `dateCreated`, `dateUpdated`, `uid`) VALUES ('7', '3', '33', NULL, '20', '1', '2015-02-09 13:30:20', '2015-02-09 13:30:20', '4eeb00b0-36c0-48bc-a547-38bc655f7a0b');
INSERT INTO `craft_relations` (`id`, `fieldId`, `sourceId`, `sourceLocale`, `targetId`, `sortOrder`, `dateCreated`, `dateUpdated`, `uid`) VALUES ('8', '4', '33', NULL, '27', '1', '2015-02-09 13:30:20', '2015-02-09 13:30:20', '4e076249-f7f9-4e4f-be4a-c7044494d5ad');
INSERT INTO `craft_relations` (`id`, `fieldId`, `sourceId`, `sourceLocale`, `targetId`, `sortOrder`, `dateCreated`, `dateUpdated`, `uid`) VALUES ('9', '5', '33', NULL, '32', '1', '2015-02-09 13:30:20', '2015-02-09 13:30:20', '8753c37b-b9bf-42d2-b329-653bb2d1db9c');
INSERT INTO `craft_relations` (`id`, `fieldId`, `sourceId`, `sourceLocale`, `targetId`, `sortOrder`, `dateCreated`, `dateUpdated`, `uid`) VALUES ('27', '5', '18', NULL, '31', '1', '2015-02-13 14:40:02', '2015-02-13 14:40:02', 'f63c21ae-332f-4874-ad1f-7cba41fdd6eb');
INSERT INTO `craft_relations` (`id`, `fieldId`, `sourceId`, `sourceLocale`, `targetId`, `sortOrder`, `dateCreated`, `dateUpdated`, `uid`) VALUES ('28', '7', '18', NULL, '9', '1', '2015-02-13 14:40:02', '2015-02-13 14:40:02', 'd19ae453-33e7-4738-a60b-476d158eba37');
INSERT INTO `craft_relations` (`id`, `fieldId`, `sourceId`, `sourceLocale`, `targetId`, `sortOrder`, `dateCreated`, `dateUpdated`, `uid`) VALUES ('29', '3', '35', NULL, '19', '1', '2015-02-13 14:47:06', '2015-02-13 14:47:06', 'bc87cbbf-7a65-4e71-9bab-1e252b9b38b8');
INSERT INTO `craft_relations` (`id`, `fieldId`, `sourceId`, `sourceLocale`, `targetId`, `sortOrder`, `dateCreated`, `dateUpdated`, `uid`) VALUES ('30', '4', '35', NULL, '25', '1', '2015-02-13 14:47:06', '2015-02-13 14:47:06', 'a4e2ae65-629f-4a30-98d5-5ecf7609c664');
INSERT INTO `craft_relations` (`id`, `fieldId`, `sourceId`, `sourceLocale`, `targetId`, `sortOrder`, `dateCreated`, `dateUpdated`, `uid`) VALUES ('31', '5', '35', NULL, '34', '1', '2015-02-13 14:47:07', '2015-02-13 14:47:07', 'a1baebdc-1aa5-4e9e-82d8-5b488d0c4bba');
INSERT INTO `craft_relations` (`id`, `fieldId`, `sourceId`, `sourceLocale`, `targetId`, `sortOrder`, `dateCreated`, `dateUpdated`, `uid`) VALUES ('32', '7', '35', NULL, '9', '1', '2015-02-13 14:47:07', '2015-02-13 14:47:07', 'faf4c301-6cd4-4cff-ba57-0e447f2e37b6');
INSERT INTO `craft_relations` (`id`, `fieldId`, `sourceId`, `sourceLocale`, `targetId`, `sortOrder`, `dateCreated`, `dateUpdated`, `uid`) VALUES ('33', '3', '39', NULL, '24', '1', '2015-02-17 14:05:17', '2015-02-17 14:05:17', 'ac78b483-ca97-403c-a507-fdef2beeed8f');
INSERT INTO `craft_relations` (`id`, `fieldId`, `sourceId`, `sourceLocale`, `targetId`, `sortOrder`, `dateCreated`, `dateUpdated`, `uid`) VALUES ('34', '4', '39', NULL, '30', '1', '2015-02-17 14:05:17', '2015-02-17 14:05:17', 'a317efae-7bb4-4deb-8c03-bf261d5d50fb');
INSERT INTO `craft_relations` (`id`, `fieldId`, `sourceId`, `sourceLocale`, `targetId`, `sortOrder`, `dateCreated`, `dateUpdated`, `uid`) VALUES ('35', '5', '39', NULL, '38', '1', '2015-02-17 14:05:17', '2015-02-17 14:05:17', 'a8875837-0cc0-45e0-99e8-964798e5e8bc');
INSERT INTO `craft_relations` (`id`, `fieldId`, `sourceId`, `sourceLocale`, `targetId`, `sortOrder`, `dateCreated`, `dateUpdated`, `uid`) VALUES ('36', '7', '39', NULL, '10', '1', '2015-02-17 14:05:17', '2015-02-17 14:05:17', '05a5721b-789a-4db9-842b-dfd089df6212');
INSERT INTO `craft_relations` (`id`, `fieldId`, `sourceId`, `sourceLocale`, `targetId`, `sortOrder`, `dateCreated`, `dateUpdated`, `uid`) VALUES ('41', '15', '2', NULL, '35', '1', '2015-02-17 14:07:25', '2015-02-17 14:07:25', 'a489cd30-fb66-4a2a-bd18-09c9ff61c3f7');
INSERT INTO `craft_relations` (`id`, `fieldId`, `sourceId`, `sourceLocale`, `targetId`, `sortOrder`, `dateCreated`, `dateUpdated`, `uid`) VALUES ('42', '15', '2', NULL, '37', '2', '2015-02-17 14:07:25', '2015-02-17 14:07:25', '59f2ce02-72fb-4057-84b6-ffb0bc2d9bb2');
INSERT INTO `craft_relations` (`id`, `fieldId`, `sourceId`, `sourceLocale`, `targetId`, `sortOrder`, `dateCreated`, `dateUpdated`, `uid`) VALUES ('43', '15', '2', NULL, '39', '3', '2015-02-17 14:07:25', '2015-02-17 14:07:25', '373178c7-d565-4506-be1d-101b8b0bbc04');
INSERT INTO `craft_relations` (`id`, `fieldId`, `sourceId`, `sourceLocale`, `targetId`, `sortOrder`, `dateCreated`, `dateUpdated`, `uid`) VALUES ('44', '15', '2', NULL, '33', '4', '2015-02-17 14:07:25', '2015-02-17 14:07:25', '191fc167-5476-4e8f-be59-ad0f66a6d33f');
INSERT INTO `craft_relations` (`id`, `fieldId`, `sourceId`, `sourceLocale`, `targetId`, `sortOrder`, `dateCreated`, `dateUpdated`, `uid`) VALUES ('45', '15', '2', NULL, '18', '5', '2015-02-17 14:07:25', '2015-02-17 14:07:25', '06a2f71f-9e52-4efc-8f97-77c81455d58f');
INSERT INTO `craft_relations` (`id`, `fieldId`, `sourceId`, `sourceLocale`, `targetId`, `sortOrder`, `dateCreated`, `dateUpdated`, `uid`) VALUES ('46', '14', '15', NULL, '35', '1', '2015-02-17 14:29:58', '2015-02-17 14:29:58', '63185536-4384-4709-a062-d5110c7fa51d');
INSERT INTO `craft_relations` (`id`, `fieldId`, `sourceId`, `sourceLocale`, `targetId`, `sortOrder`, `dateCreated`, `dateUpdated`, `uid`) VALUES ('47', '14', '16', NULL, '33', '1', '2015-02-17 14:37:50', '2015-02-17 14:37:50', 'e6fcf1e2-188e-43ee-9c0c-e27078a81ff6');
INSERT INTO `craft_relations` (`id`, `fieldId`, `sourceId`, `sourceLocale`, `targetId`, `sortOrder`, `dateCreated`, `dateUpdated`, `uid`) VALUES ('48', '14', '17', NULL, '37', '1', '2015-02-17 14:38:08', '2015-02-17 14:38:08', '39129f25-8e6b-4b0b-bced-f2543b23f6ae');
INSERT INTO `craft_relations` (`id`, `fieldId`, `sourceId`, `sourceLocale`, `targetId`, `sortOrder`, `dateCreated`, `dateUpdated`, `uid`) VALUES ('49', '14', '14', NULL, '39', '1', '2015-02-17 14:38:22', '2015-02-17 14:38:22', '796887dd-b32d-4d7d-b770-f9f1ab5afb79');
INSERT INTO `craft_relations` (`id`, `fieldId`, `sourceId`, `sourceLocale`, `targetId`, `sortOrder`, `dateCreated`, `dateUpdated`, `uid`) VALUES ('62', '15', '13', NULL, '39', '1', '2015-03-17 13:07:48', '2015-03-17 13:07:48', '7cfab70d-ead6-4565-8871-c08fe8c64df4');
INSERT INTO `craft_relations` (`id`, `fieldId`, `sourceId`, `sourceLocale`, `targetId`, `sortOrder`, `dateCreated`, `dateUpdated`, `uid`) VALUES ('63', '15', '13', NULL, '43', '2', '2015-03-17 13:07:48', '2015-03-17 13:07:48', '7ea8b6e4-680b-4006-9b3c-87e11c6a3543');
INSERT INTO `craft_relations` (`id`, `fieldId`, `sourceId`, `sourceLocale`, `targetId`, `sortOrder`, `dateCreated`, `dateUpdated`, `uid`) VALUES ('64', '15', '13', NULL, '18', '3', '2015-03-17 13:07:48', '2015-03-17 13:07:48', '2d487c0b-8cee-4856-bff0-ad35d9aeb0c7');
INSERT INTO `craft_relations` (`id`, `fieldId`, `sourceId`, `sourceLocale`, `targetId`, `sortOrder`, `dateCreated`, `dateUpdated`, `uid`) VALUES ('65', '15', '10', NULL, '37', '1', '2015-03-17 13:16:46', '2015-03-17 13:16:46', '23280534-38c0-4a21-af01-eb26bb10d5be');
INSERT INTO `craft_relations` (`id`, `fieldId`, `sourceId`, `sourceLocale`, `targetId`, `sortOrder`, `dateCreated`, `dateUpdated`, `uid`) VALUES ('68', '7', '6', NULL, '10', '1', '2015-03-26 01:49:22', '2015-03-26 01:49:22', '711742c6-082f-4686-b913-7d5c95610188');
INSERT INTO `craft_relations` (`id`, `fieldId`, `sourceId`, `sourceLocale`, `targetId`, `sortOrder`, `dateCreated`, `dateUpdated`, `uid`) VALUES ('69', '7', '6', NULL, '13', '2', '2015-03-26 01:49:22', '2015-03-26 01:49:22', 'e37c3935-5d7a-4562-bc25-3e1fc8ef564a');
INSERT INTO `craft_relations` (`id`, `fieldId`, `sourceId`, `sourceLocale`, `targetId`, `sortOrder`, `dateCreated`, `dateUpdated`, `uid`) VALUES ('70', '7', '6', NULL, '12', '3', '2015-03-26 01:49:22', '2015-03-26 01:49:22', '7bcb2d73-8f4a-4827-982c-d21709e68745');
INSERT INTO `craft_relations` (`id`, `fieldId`, `sourceId`, `sourceLocale`, `targetId`, `sortOrder`, `dateCreated`, `dateUpdated`, `uid`) VALUES ('71', '7', '6', NULL, '11', '4', '2015-03-26 01:49:22', '2015-03-26 01:49:22', 'e8e2a301-8684-4a59-b533-edddede6828e');
INSERT INTO `craft_relations` (`id`, `fieldId`, `sourceId`, `sourceLocale`, `targetId`, `sortOrder`, `dateCreated`, `dateUpdated`, `uid`) VALUES ('72', '7', '43', NULL, '10', '1', '2015-03-31 12:24:29', '2015-03-31 12:24:29', 'cc31b698-ab95-47fb-b472-da6dd6279c9c');
INSERT INTO `craft_relations` (`id`, `fieldId`, `sourceId`, `sourceLocale`, `targetId`, `sortOrder`, `dateCreated`, `dateUpdated`, `uid`) VALUES ('73', '3', '43', NULL, '40', '1', '2015-03-31 12:24:29', '2015-03-31 12:24:29', 'e6a1b30c-e9db-4ee1-9b0f-9a8a1e8239bb');
INSERT INTO `craft_relations` (`id`, `fieldId`, `sourceId`, `sourceLocale`, `targetId`, `sortOrder`, `dateCreated`, `dateUpdated`, `uid`) VALUES ('74', '4', '43', NULL, '41', '1', '2015-03-31 12:24:29', '2015-03-31 12:24:29', 'bdecc24c-67bf-4034-9673-092bed75113e');
INSERT INTO `craft_relations` (`id`, `fieldId`, `sourceId`, `sourceLocale`, `targetId`, `sortOrder`, `dateCreated`, `dateUpdated`, `uid`) VALUES ('75', '5', '43', NULL, '42', '1', '2015-03-31 12:24:29', '2015-03-31 12:24:29', '80c2bdea-1e6f-46f0-8922-f77644ce9bdc');
INSERT INTO `craft_relations` (`id`, `fieldId`, `sourceId`, `sourceLocale`, `targetId`, `sortOrder`, `dateCreated`, `dateUpdated`, `uid`) VALUES ('76', '3', '45', NULL, '44', '1', '2015-03-31 13:20:56', '2015-03-31 13:20:56', 'e4817d63-e255-464a-a4f3-8ebb15a068c9');
INSERT INTO `craft_relations` (`id`, `fieldId`, `sourceId`, `sourceLocale`, `targetId`, `sortOrder`, `dateCreated`, `dateUpdated`, `uid`) VALUES ('77', '3', '37', NULL, '22', '1', '2015-04-01 23:11:27', '2015-04-01 23:11:27', '46350745-d4fe-4131-9a7b-3735bdc5959d');
INSERT INTO `craft_relations` (`id`, `fieldId`, `sourceId`, `sourceLocale`, `targetId`, `sortOrder`, `dateCreated`, `dateUpdated`, `uid`) VALUES ('78', '4', '37', NULL, '26', '1', '2015-04-01 23:11:27', '2015-04-01 23:11:27', 'cd46419e-8a10-48c7-8327-c828199270ba');
INSERT INTO `craft_relations` (`id`, `fieldId`, `sourceId`, `sourceLocale`, `targetId`, `sortOrder`, `dateCreated`, `dateUpdated`, `uid`) VALUES ('79', '5', '37', NULL, '36', '1', '2015-04-01 23:11:27', '2015-04-01 23:11:27', '06d99360-e44d-4a16-bf9c-12a7c604ee44');
INSERT INTO `craft_relations` (`id`, `fieldId`, `sourceId`, `sourceLocale`, `targetId`, `sortOrder`, `dateCreated`, `dateUpdated`, `uid`) VALUES ('80', '7', '37', NULL, '9', '1', '2015-04-01 23:11:27', '2015-04-01 23:11:27', 'dae6da1a-70bc-4c8b-8b0d-c1dd7d316228');
INSERT INTO `craft_relations` (`id`, `fieldId`, `sourceId`, `sourceLocale`, `targetId`, `sortOrder`, `dateCreated`, `dateUpdated`, `uid`) VALUES ('81', '15', '5', NULL, '37', '1', '2015-04-02 12:33:34', '2015-04-02 12:33:34', '97dc4e72-4852-45e7-b54e-a98eb3f7fb80');
INSERT INTO `craft_relations` (`id`, `fieldId`, `sourceId`, `sourceLocale`, `targetId`, `sortOrder`, `dateCreated`, `dateUpdated`, `uid`) VALUES ('82', '15', '5', NULL, '33', '2', '2015-04-02 12:33:34', '2015-04-02 12:33:34', 'e9a8ccc4-5c09-493b-a61b-1ca37e862e8f');



DROP TABLE IF EXISTS `craft_routes`;


--
-- Schema for table `craft_routes`
--
CREATE TABLE `craft_routes` (
  `id` int(11) NOT NULL AUTO_INCREMENT,
  `locale` char(12) COLLATE utf8_unicode_ci DEFAULT NULL,
  `urlParts` varchar(255) COLLATE utf8_unicode_ci NOT NULL,
  `urlPattern` varchar(255) COLLATE utf8_unicode_ci NOT NULL,
  `template` varchar(255) COLLATE utf8_unicode_ci NOT NULL,
  `sortOrder` tinyint(4) DEFAULT NULL,
  `dateCreated` datetime NOT NULL,
  `dateUpdated` datetime NOT NULL,
  `uid` char(36) COLLATE utf8_unicode_ci NOT NULL DEFAULT '0',
  PRIMARY KEY (`id`),
  UNIQUE KEY `craft_routes_urlPattern_unq_idx` (`urlPattern`),
  KEY `craft_routes_locale_idx` (`locale`)
) ENGINE=InnoDB DEFAULT CHARSET=utf8 COLLATE=utf8_unicode_ci;

DROP TABLE IF EXISTS `craft_searchindex`;


--
-- Schema for table `craft_searchindex`
--
CREATE TABLE `craft_searchindex` (
  `elementId` int(11) NOT NULL,
  `attribute` varchar(25) COLLATE utf8_unicode_ci NOT NULL,
  `fieldId` int(11) NOT NULL,
  `locale` char(12) COLLATE utf8_unicode_ci NOT NULL,
  `keywords` text COLLATE utf8_unicode_ci NOT NULL,
  PRIMARY KEY (`elementId`,`attribute`,`fieldId`,`locale`),
  FULLTEXT KEY `craft_searchindex_keywords_idx` (`keywords`)
) ENGINE=MyISAM DEFAULT CHARSET=utf8 COLLATE=utf8_unicode_ci;

--
-- Data for table `craft_searchindex`
--

INSERT INTO `craft_searchindex` (`elementId`, `attribute`, `fieldId`, `locale`, `keywords`) VALUES ('1', 'username', '0', 'en_us', ' beastie ');
INSERT INTO `craft_searchindex` (`elementId`, `attribute`, `fieldId`, `locale`, `keywords`) VALUES ('1', 'firstname', '0', 'en_us', '');
INSERT INTO `craft_searchindex` (`elementId`, `attribute`, `fieldId`, `locale`, `keywords`) VALUES ('1', 'lastname', '0', 'en_us', '');
INSERT INTO `craft_searchindex` (`elementId`, `attribute`, `fieldId`, `locale`, `keywords`) VALUES ('1', 'fullname', '0', 'en_us', '');
INSERT INTO `craft_searchindex` (`elementId`, `attribute`, `fieldId`, `locale`, `keywords`) VALUES ('1', 'email', '0', 'en_us', ' bcfeeney gmail com ');
INSERT INTO `craft_searchindex` (`elementId`, `attribute`, `fieldId`, `locale`, `keywords`) VALUES ('1', 'slug', '0', 'en_us', '');
INSERT INTO `craft_searchindex` (`elementId`, `attribute`, `fieldId`, `locale`, `keywords`) VALUES ('2', 'field', '1', 'en_us', ' it s true this site doesn t have a whole lot of content yet but don t worry our web developers have just installed the cms and they re setting things up for the content editors this very moment soon weebeastie dev will be an oasis of fresh perspectives sharp analyses and astute opinions that will keep you coming back again and again ');
INSERT INTO `craft_searchindex` (`elementId`, `attribute`, `fieldId`, `locale`, `keywords`) VALUES ('2', 'slug', '0', 'en_us', ' homepage ');
INSERT INTO `craft_searchindex` (`elementId`, `attribute`, `fieldId`, `locale`, `keywords`) VALUES ('2', 'title', '0', 'en_us', ' homepage ');
INSERT INTO `craft_searchindex` (`elementId`, `attribute`, `fieldId`, `locale`, `keywords`) VALUES ('3', 'field', '1', 'en_us', ' craft is the cms that s powering weebeastie dev it s beautiful powerful flexible and easy to use and it s made by pixel tonic we can t wait to dive in and see what it s capable of this is even more captivating content which you couldn t see on the news index page because it was entered after a page break and the news index template only likes to show the content on the first page craft a nice alternative to word if you re making a website ');
INSERT INTO `craft_searchindex` (`elementId`, `attribute`, `fieldId`, `locale`, `keywords`) VALUES ('3', 'field', '2', 'en_us', '');
INSERT INTO `craft_searchindex` (`elementId`, `attribute`, `fieldId`, `locale`, `keywords`) VALUES ('3', 'slug', '0', 'en_us', '');
INSERT INTO `craft_searchindex` (`elementId`, `attribute`, `fieldId`, `locale`, `keywords`) VALUES ('3', 'title', '0', 'en_us', ' we just installed craft ');
INSERT INTO `craft_searchindex` (`elementId`, `attribute`, `fieldId`, `locale`, `keywords`) VALUES ('4', 'slug', '0', 'en_us', '');
INSERT INTO `craft_searchindex` (`elementId`, `attribute`, `fieldId`, `locale`, `keywords`) VALUES ('4', 'field', '11', 'en_us', ' 116 chambers street floor 5 new york ny 10007 ');
INSERT INTO `craft_searchindex` (`elementId`, `attribute`, `fieldId`, `locale`, `keywords`) VALUES ('4', 'field', '13', 'en_us', ' 212 349 0795 ');
INSERT INTO `craft_searchindex` (`elementId`, `attribute`, `fieldId`, `locale`, `keywords`) VALUES ('4', 'field', '12', 'en_us', ' 866 317 9430 ');
INSERT INTO `craft_searchindex` (`elementId`, `attribute`, `fieldId`, `locale`, `keywords`) VALUES ('4', 'field', '10', 'en_us', ' info weebeastie tv ');
INSERT INTO `craft_searchindex` (`elementId`, `attribute`, `fieldId`, `locale`, `keywords`) VALUES ('2', 'field', '15', 'en_us', ' abc lexus a e wendy s shipping wars chiller tv coffee run nashville samsung abc the walking dead ');
INSERT INTO `craft_searchindex` (`elementId`, `attribute`, `fieldId`, `locale`, `keywords`) VALUES ('8', 'filename', '0', 'en_us', ' weebeastie company photo jpg ');
INSERT INTO `craft_searchindex` (`elementId`, `attribute`, `fieldId`, `locale`, `keywords`) VALUES ('8', 'extension', '0', 'en_us', ' jpg ');
INSERT INTO `craft_searchindex` (`elementId`, `attribute`, `fieldId`, `locale`, `keywords`) VALUES ('8', 'kind', '0', 'en_us', ' image ');
INSERT INTO `craft_searchindex` (`elementId`, `attribute`, `fieldId`, `locale`, `keywords`) VALUES ('8', 'slug', '0', 'en_us', ' weebeastie company photo ');
INSERT INTO `craft_searchindex` (`elementId`, `attribute`, `fieldId`, `locale`, `keywords`) VALUES ('8', 'title', '0', 'en_us', ' weebeastie company photo ');
INSERT INTO `craft_searchindex` (`elementId`, `attribute`, `fieldId`, `locale`, `keywords`) VALUES ('7', 'field', '16', 'en_us', ' weebeastie company photo ');
INSERT INTO `craft_searchindex` (`elementId`, `attribute`, `fieldId`, `locale`, `keywords`) VALUES ('7', 'field', '17', 'en_us', ' is an experienced executive producer who has brought many high end concepts from the printed page to the screen having produced upfront projects for both discovery channel and the learning channel she is an expert problem solver and no stranger to logistical nightmares from monica s point of view nothing is a problem there is always a solution relax and let her handle it ');
INSERT INTO `craft_searchindex` (`elementId`, `attribute`, `fieldId`, `locale`, `keywords`) VALUES ('7', 'field', '18', 'en_us', ' has 20 years of experience as a writer and director of commercials promos and short form programming his campaigns have led to higher ratings brand recognition and ultimately profits for his clients chris has designed campaigns for household name shows and commercial brands as a director chris s strengths include directing show talent compelling visuals and quirky comedy ');
INSERT INTO `craft_searchindex` (`elementId`, `attribute`, `fieldId`, `locale`, `keywords`) VALUES ('7', 'field', '19', 'en_us', ' wee beasties are those sticky concepts that get lodged inside your head the catchy song that you keep humming the stunning visual you can t forget those great ideas that keep you from falling asleep these clever concepts are our specialty because wee beasties are what we re all about ');
INSERT INTO `craft_searchindex` (`elementId`, `attribute`, `fieldId`, `locale`, `keywords`) VALUES ('7', 'slug', '0', 'en_us', ' about ');
INSERT INTO `craft_searchindex` (`elementId`, `attribute`, `fieldId`, `locale`, `keywords`) VALUES ('7', 'title', '0', 'en_us', ' about ');
INSERT INTO `craft_searchindex` (`elementId`, `attribute`, `fieldId`, `locale`, `keywords`) VALUES ('7', 'field', '20', 'en_us', ' at wee beastie we think up clever ideas and bring them to life our mission provide the most emotionally compelling advertising by focusing on initial creative development for us concept is king the result work that always cuts through the clutter ');
INSERT INTO `craft_searchindex` (`elementId`, `attribute`, `fieldId`, `locale`, `keywords`) VALUES ('9', 'field', '1', 'en_us', ' chris mckenna is the talent whisperer he draws out a great performance in the most difficult of situations and puts high flying actors and show hosts at ease chris is as an actor s director who also has a great eye for strong visuals and beautiful composition great with children and animals he has survived the worst ask him about the homicidal pig after the pig he is ready for anything ');
INSERT INTO `craft_searchindex` (`elementId`, `attribute`, `fieldId`, `locale`, `keywords`) VALUES ('9', 'field', '15', 'en_us', '');
INSERT INTO `craft_searchindex` (`elementId`, `attribute`, `fieldId`, `locale`, `keywords`) VALUES ('9', 'slug', '0', 'en_us', ' chris mckenna ');
INSERT INTO `craft_searchindex` (`elementId`, `attribute`, `fieldId`, `locale`, `keywords`) VALUES ('9', 'title', '0', 'en_us', ' chris mckenna ');
INSERT INTO `craft_searchindex` (`elementId`, `attribute`, `fieldId`, `locale`, `keywords`) VALUES ('10', 'field', '1', 'en_us', ' lori balaban has over a decade of entertainment industry experience she s written produced and directed for nbc amc cbs national geographic bain harley davidson sundance and disney she s committed to storytelling and has written numerous screenplays documentaries and tv scripts she s currently pursuing an mfa in creative writing ');
INSERT INTO `craft_searchindex` (`elementId`, `attribute`, `fieldId`, `locale`, `keywords`) VALUES ('10', 'field', '15', 'en_us', ' a e wendy s shipping wars ');
INSERT INTO `craft_searchindex` (`elementId`, `attribute`, `fieldId`, `locale`, `keywords`) VALUES ('10', 'slug', '0', 'en_us', ' lori balaban ');
INSERT INTO `craft_searchindex` (`elementId`, `attribute`, `fieldId`, `locale`, `keywords`) VALUES ('10', 'title', '0', 'en_us', ' lori balaban ');
INSERT INTO `craft_searchindex` (`elementId`, `attribute`, `fieldId`, `locale`, `keywords`) VALUES ('10', 'field', '21', 'en_us', ' talent branded entertainment ');
INSERT INTO `craft_searchindex` (`elementId`, `attribute`, `fieldId`, `locale`, `keywords`) VALUES ('9', 'field', '21', 'en_us', ' comedy dialogue storytelling visual fx ');
INSERT INTO `craft_searchindex` (`elementId`, `attribute`, `fieldId`, `locale`, `keywords`) VALUES ('11', 'field', '1', 'en_us', ' ronnie krensel has been making commercials promos and tv shows for close to twenty years in that time he s filmed with rockers rappers storm chasers gurus and of course a few comedians as one of the few show runners in the promo business he understands how to boil the essence of a show down to just 30 seconds while still retaining the overall theme on set ronnie is well versed in helping actors feel natural additionally he helps non actors find their inner performer and brings out the best in cars buildings and other natural environments ');
INSERT INTO `craft_searchindex` (`elementId`, `attribute`, `fieldId`, `locale`, `keywords`) VALUES ('11', 'field', '21', 'en_us', ' real people automotive ');
INSERT INTO `craft_searchindex` (`elementId`, `attribute`, `fieldId`, `locale`, `keywords`) VALUES ('11', 'field', '15', 'en_us', '');
INSERT INTO `craft_searchindex` (`elementId`, `attribute`, `fieldId`, `locale`, `keywords`) VALUES ('11', 'slug', '0', 'en_us', ' ronnie krensel ');
INSERT INTO `craft_searchindex` (`elementId`, `attribute`, `fieldId`, `locale`, `keywords`) VALUES ('11', 'title', '0', 'en_us', ' ronnie krensel ');
INSERT INTO `craft_searchindex` (`elementId`, `attribute`, `fieldId`, `locale`, `keywords`) VALUES ('12', 'field', '1', 'en_us', ' jr soldano is a director writer and producer who brings over 20 years of experience in both business to business and consumer channels he spent 8 years with the discovery channel as their supervising producer and in house director jr has garnered a number of industry awards including 6 addys a bda award a telly award 1 silver and 3 gold promax award and has directed two acclaimed award winning shorts in the past 4 years in addition jr is one of the creators writers producers of cult favorite pancake mountain an offbeat internet based kids show and also writes and performs as celebrity interviewing puppet rufus leaking on the show ');
INSERT INTO `craft_searchindex` (`elementId`, `attribute`, `fieldId`, `locale`, `keywords`) VALUES ('12', 'field', '21', 'en_us', ' comedy drama network talent ');
INSERT INTO `craft_searchindex` (`elementId`, `attribute`, `fieldId`, `locale`, `keywords`) VALUES ('12', 'field', '15', 'en_us', '');
INSERT INTO `craft_searchindex` (`elementId`, `attribute`, `fieldId`, `locale`, `keywords`) VALUES ('12', 'slug', '0', 'en_us', ' jr soldano ');
INSERT INTO `craft_searchindex` (`elementId`, `attribute`, `fieldId`, `locale`, `keywords`) VALUES ('12', 'title', '0', 'en_us', ' jr soldano ');
INSERT INTO `craft_searchindex` (`elementId`, `attribute`, `fieldId`, `locale`, `keywords`) VALUES ('13', 'field', '1', 'en_us', ' alan william harris is best known for his commercial work for a little mom and pop network called mtv where he has received two emmy nominations alan s visual sensibilities lean heavily on style and color while his comedic strengths highlight his background in improvised comedy being an alumnus of the second city and upright citizen s brigade theaters to date he has directed such celebrity talent as steve carell paul rudd chris parnell rob corddry and justin timerblake with clients ranging from burger king and paramount studios to best buy and the american legacy foundation in addition to his commercial work alan is also in pre production on his first feature film an indie teen drama comedy scheduled to shoot later this year ');
INSERT INTO `craft_searchindex` (`elementId`, `attribute`, `fieldId`, `locale`, `keywords`) VALUES ('13', 'field', '21', 'en_us', ' comedy dialogue celebrity ');
INSERT INTO `craft_searchindex` (`elementId`, `attribute`, `fieldId`, `locale`, `keywords`) VALUES ('13', 'field', '15', 'en_us', ' chiller tv coffee run test from denizen the walking dead ');
INSERT INTO `craft_searchindex` (`elementId`, `attribute`, `fieldId`, `locale`, `keywords`) VALUES ('13', 'slug', '0', 'en_us', ' alan william harris ');
INSERT INTO `craft_searchindex` (`elementId`, `attribute`, `fieldId`, `locale`, `keywords`) VALUES ('13', 'title', '0', 'en_us', ' alan william harris ');
INSERT INTO `craft_searchindex` (`elementId`, `attribute`, `fieldId`, `locale`, `keywords`) VALUES ('14', 'field', '1', 'en_us', ' create our very own game show and have it hosted by the one and only bob eubanks count us in this spot for dish spices up the classic dating game format with new contestants and one very lucky lady everything about the spot is custom from the custom built 70 s themed set to custom colors that mimic the iconic red hues of dish bob eubanks the veteran game show host that he is walked on set and was immediately in his element the finished product is a riotous spot and of course a happy couple ');
INSERT INTO `craft_searchindex` (`elementId`, `attribute`, `fieldId`, `locale`, `keywords`) VALUES ('14', 'field', '14', 'en_us', ' chiller tv coffee run ');
INSERT INTO `craft_searchindex` (`elementId`, `attribute`, `fieldId`, `locale`, `keywords`) VALUES ('14', 'slug', '0', 'en_us', ' the perfect choice ');
INSERT INTO `craft_searchindex` (`elementId`, `attribute`, `fieldId`, `locale`, `keywords`) VALUES ('14', 'title', '0', 'en_us', ' the perfect choice ');
INSERT INTO `craft_searchindex` (`elementId`, `attribute`, `fieldId`, `locale`, `keywords`) VALUES ('15', 'field', '1', 'en_us', ' we put on our dancing shoes for the second season commercial shoot of chuck s eat the street on the cooking channel the spot was originally set as live action in the bronx but a massive thunderstorm the day of didn t agree with that plan we reworked the concept to showcase chuck s span across the country via green screen chuck and his loyal backup singers travel through postcards visiting the streets of washington dc san antonio and more for the most delicious dishes we re really happy with the spot in light of the initial challenges and we thank chuck and the crew for being so flexible but now we can t get the spot s song out of our heads ');
INSERT INTO `craft_searchindex` (`elementId`, `attribute`, `fieldId`, `locale`, `keywords`) VALUES ('15', 'field', '14', 'en_us', ' abc lexus ');
INSERT INTO `craft_searchindex` (`elementId`, `attribute`, `fieldId`, `locale`, `keywords`) VALUES ('15', 'slug', '0', 'en_us', ' chucks eat the street ');
INSERT INTO `craft_searchindex` (`elementId`, `attribute`, `fieldId`, `locale`, `keywords`) VALUES ('15', 'title', '0', 'en_us', ' chuck s eat the street ');
INSERT INTO `craft_searchindex` (`elementId`, `attribute`, `fieldId`, `locale`, `keywords`) VALUES ('16', 'field', '1', 'en_us', ' we start our celebration for the summer season early with coppertone and usa network mark feuerstein reprises his role from usa s royal pains to enjoy a gorgeous day at the beach he relaxes wades in the water and soaks up the sun with a bottle of coopertone at hand always eager to show off mark makes sure to broadcast his fun to callie thorne of necessary roughness fame despite mark s upbeat performance this spot was actually filmed on one of the coldest days of the year the spot was still a lot of fun to make and a great way to connect summer fun for these two brands ');
INSERT INTO `craft_searchindex` (`elementId`, `attribute`, `fieldId`, `locale`, `keywords`) VALUES ('16', 'field', '14', 'en_us', ' nashville samsung abc ');
INSERT INTO `craft_searchindex` (`elementId`, `attribute`, `fieldId`, `locale`, `keywords`) VALUES ('16', 'slug', '0', 'en_us', ' coppertone ');
INSERT INTO `craft_searchindex` (`elementId`, `attribute`, `fieldId`, `locale`, `keywords`) VALUES ('16', 'title', '0', 'en_us', ' coppertone ');
INSERT INTO `craft_searchindex` (`elementId`, `attribute`, `fieldId`, `locale`, `keywords`) VALUES ('17', 'field', '1', 'en_us', ' we had a great time shooting with tbs and wendy s recently to create promos for the life is funny campaign after locating a fantastic apartment near wee beastie headquarters in downtown manhattan the crew loaded in for a long yet productive day of filming the spots highlight the great things that happen when friends and wendy s get together when all was said and done we had three brand new promos showcasing two fantastic brands the team had lots of fun but we are forever finished with the word booyah ha click the video link to check out the spot ');
INSERT INTO `craft_searchindex` (`elementId`, `attribute`, `fieldId`, `locale`, `keywords`) VALUES ('17', 'field', '14', 'en_us', ' a e wendy s shipping wars ');
INSERT INTO `craft_searchindex` (`elementId`, `attribute`, `fieldId`, `locale`, `keywords`) VALUES ('17', 'slug', '0', 'en_us', ' life is funny ');
INSERT INTO `craft_searchindex` (`elementId`, `attribute`, `fieldId`, `locale`, `keywords`) VALUES ('17', 'title', '0', 'en_us', ' life is funny ');
INSERT INTO `craft_searchindex` (`elementId`, `attribute`, `fieldId`, `locale`, `keywords`) VALUES ('18', 'field', '9', 'en_us', ' the walking dead ');
INSERT INTO `craft_searchindex` (`elementId`, `attribute`, `fieldId`, `locale`, `keywords`) VALUES ('18', 'field', '8', 'en_us', ' dish and amc ');
INSERT INTO `craft_searchindex` (`elementId`, `attribute`, `fieldId`, `locale`, `keywords`) VALUES ('18', 'field', '3', 'en_us', '');
INSERT INTO `craft_searchindex` (`elementId`, `attribute`, `fieldId`, `locale`, `keywords`) VALUES ('18', 'field', '4', 'en_us', '');
INSERT INTO `craft_searchindex` (`elementId`, `attribute`, `fieldId`, `locale`, `keywords`) VALUES ('18', 'field', '5', 'en_us', ' screenshot test ');
INSERT INTO `craft_searchindex` (`elementId`, `attribute`, `fieldId`, `locale`, `keywords`) VALUES ('18', 'field', '6', 'en_us', ' launch ');
INSERT INTO `craft_searchindex` (`elementId`, `attribute`, `fieldId`, `locale`, `keywords`) VALUES ('18', 'field', '7', 'en_us', ' chris mckenna ');
INSERT INTO `craft_searchindex` (`elementId`, `attribute`, `fieldId`, `locale`, `keywords`) VALUES ('18', 'slug', '0', 'en_us', ' the walking dead ');
INSERT INTO `craft_searchindex` (`elementId`, `attribute`, `fieldId`, `locale`, `keywords`) VALUES ('18', 'title', '0', 'en_us', ' the walking dead ');
INSERT INTO `craft_searchindex` (`elementId`, `attribute`, `fieldId`, `locale`, `keywords`) VALUES ('19', 'filename', '0', 'en_us', ' 2940_abc_lexus_v 3_directorcut_final website reel mp4 ');
INSERT INTO `craft_searchindex` (`elementId`, `attribute`, `fieldId`, `locale`, `keywords`) VALUES ('19', 'extension', '0', 'en_us', ' mp4 ');
INSERT INTO `craft_searchindex` (`elementId`, `attribute`, `fieldId`, `locale`, `keywords`) VALUES ('19', 'kind', '0', 'en_us', ' video ');
INSERT INTO `craft_searchindex` (`elementId`, `attribute`, `fieldId`, `locale`, `keywords`) VALUES ('19', 'slug', '0', 'en_us', ' 2940 abc lexus v 3 directorcut final website reel ');
INSERT INTO `craft_searchindex` (`elementId`, `attribute`, `fieldId`, `locale`, `keywords`) VALUES ('19', 'title', '0', 'en_us', ' 2940 abc lexus v 3 directorcut final website reel ');
INSERT INTO `craft_searchindex` (`elementId`, `attribute`, `fieldId`, `locale`, `keywords`) VALUES ('20', 'filename', '0', 'en_us', ' abc_nashville_samsung ftp reel mov ');
INSERT INTO `craft_searchindex` (`elementId`, `attribute`, `fieldId`, `locale`, `keywords`) VALUES ('20', 'extension', '0', 'en_us', ' mov ');
INSERT INTO `craft_searchindex` (`elementId`, `attribute`, `fieldId`, `locale`, `keywords`) VALUES ('20', 'kind', '0', 'en_us', ' video ');
INSERT INTO `craft_searchindex` (`elementId`, `attribute`, `fieldId`, `locale`, `keywords`) VALUES ('20', 'slug', '0', 'en_us', ' abc nashville samsung ftp reel ');
INSERT INTO `craft_searchindex` (`elementId`, `attribute`, `fieldId`, `locale`, `keywords`) VALUES ('20', 'title', '0', 'en_us', ' abc nashville samsung ftp reel ');
INSERT INTO `craft_searchindex` (`elementId`, `attribute`, `fieldId`, `locale`, `keywords`) VALUES ('21', 'filename', '0', 'en_us', ' 2942_twd_dish_sundays_wb website reel mp4 ');
INSERT INTO `craft_searchindex` (`elementId`, `attribute`, `fieldId`, `locale`, `keywords`) VALUES ('21', 'extension', '0', 'en_us', ' mp4 ');
INSERT INTO `craft_searchindex` (`elementId`, `attribute`, `fieldId`, `locale`, `keywords`) VALUES ('21', 'kind', '0', 'en_us', ' video ');
INSERT INTO `craft_searchindex` (`elementId`, `attribute`, `fieldId`, `locale`, `keywords`) VALUES ('21', 'slug', '0', 'en_us', ' 2942 twd dish sundays wb website reel ');
INSERT INTO `craft_searchindex` (`elementId`, `attribute`, `fieldId`, `locale`, `keywords`) VALUES ('21', 'title', '0', 'en_us', ' 2942 twd dish sundays wb website reel ');
INSERT INTO `craft_searchindex` (`elementId`, `attribute`, `fieldId`, `locale`, `keywords`) VALUES ('22', 'filename', '0', 'en_us', ' ae_shippingwars_wendys_website mp4 ');
INSERT INTO `craft_searchindex` (`elementId`, `attribute`, `fieldId`, `locale`, `keywords`) VALUES ('22', 'extension', '0', 'en_us', ' mp4 ');
INSERT INTO `craft_searchindex` (`elementId`, `attribute`, `fieldId`, `locale`, `keywords`) VALUES ('22', 'kind', '0', 'en_us', ' video ');
INSERT INTO `craft_searchindex` (`elementId`, `attribute`, `fieldId`, `locale`, `keywords`) VALUES ('22', 'slug', '0', 'en_us', ' ae shippingwars wendys website ');
INSERT INTO `craft_searchindex` (`elementId`, `attribute`, `fieldId`, `locale`, `keywords`) VALUES ('22', 'title', '0', 'en_us', ' ae shippingwars wendys website ');
INSERT INTO `craft_searchindex` (`elementId`, `attribute`, `fieldId`, `locale`, `keywords`) VALUES ('23', 'filename', '0', 'en_us', ' dish_twd_perks10 07 mp4 ');
INSERT INTO `craft_searchindex` (`elementId`, `attribute`, `fieldId`, `locale`, `keywords`) VALUES ('23', 'extension', '0', 'en_us', ' mp4 ');
INSERT INTO `craft_searchindex` (`elementId`, `attribute`, `fieldId`, `locale`, `keywords`) VALUES ('23', 'kind', '0', 'en_us', ' video ');
INSERT INTO `craft_searchindex` (`elementId`, `attribute`, `fieldId`, `locale`, `keywords`) VALUES ('23', 'slug', '0', 'en_us', ' dish twd perks10 07 ');
INSERT INTO `craft_searchindex` (`elementId`, `attribute`, `fieldId`, `locale`, `keywords`) VALUES ('23', 'title', '0', 'en_us', ' dish twd perks10 07 ');
INSERT INTO `craft_searchindex` (`elementId`, `attribute`, `fieldId`, `locale`, `keywords`) VALUES ('24', 'filename', '0', 'en_us', ' coffee_run mp4 ');
INSERT INTO `craft_searchindex` (`elementId`, `attribute`, `fieldId`, `locale`, `keywords`) VALUES ('24', 'extension', '0', 'en_us', ' mp4 ');
INSERT INTO `craft_searchindex` (`elementId`, `attribute`, `fieldId`, `locale`, `keywords`) VALUES ('24', 'kind', '0', 'en_us', ' video ');
INSERT INTO `craft_searchindex` (`elementId`, `attribute`, `fieldId`, `locale`, `keywords`) VALUES ('24', 'slug', '0', 'en_us', ' coffee run ');
INSERT INTO `craft_searchindex` (`elementId`, `attribute`, `fieldId`, `locale`, `keywords`) VALUES ('24', 'title', '0', 'en_us', ' coffee run ');
INSERT INTO `craft_searchindex` (`elementId`, `attribute`, `fieldId`, `locale`, `keywords`) VALUES ('25', 'filename', '0', 'en_us', ' 2940_abc_lexus_directorcut_website ogg ');
INSERT INTO `craft_searchindex` (`elementId`, `attribute`, `fieldId`, `locale`, `keywords`) VALUES ('25', 'extension', '0', 'en_us', ' ogg ');
INSERT INTO `craft_searchindex` (`elementId`, `attribute`, `fieldId`, `locale`, `keywords`) VALUES ('25', 'kind', '0', 'en_us', ' audio ');
INSERT INTO `craft_searchindex` (`elementId`, `attribute`, `fieldId`, `locale`, `keywords`) VALUES ('25', 'slug', '0', 'en_us', ' 2940 abc lexus directorcut website ');
INSERT INTO `craft_searchindex` (`elementId`, `attribute`, `fieldId`, `locale`, `keywords`) VALUES ('25', 'title', '0', 'en_us', ' 2940 abc lexus directorcut website ');
INSERT INTO `craft_searchindex` (`elementId`, `attribute`, `fieldId`, `locale`, `keywords`) VALUES ('26', 'filename', '0', 'en_us', ' ae_shippingwars_wendys_website ogg ');
INSERT INTO `craft_searchindex` (`elementId`, `attribute`, `fieldId`, `locale`, `keywords`) VALUES ('26', 'extension', '0', 'en_us', ' ogg ');
INSERT INTO `craft_searchindex` (`elementId`, `attribute`, `fieldId`, `locale`, `keywords`) VALUES ('26', 'kind', '0', 'en_us', ' audio ');
INSERT INTO `craft_searchindex` (`elementId`, `attribute`, `fieldId`, `locale`, `keywords`) VALUES ('26', 'slug', '0', 'en_us', ' ae shippingwars wendys website ');
INSERT INTO `craft_searchindex` (`elementId`, `attribute`, `fieldId`, `locale`, `keywords`) VALUES ('26', 'title', '0', 'en_us', ' ae shippingwars wendys website ');
INSERT INTO `craft_searchindex` (`elementId`, `attribute`, `fieldId`, `locale`, `keywords`) VALUES ('27', 'filename', '0', 'en_us', ' abc_nashville_samsung ftp reel ogg ');
INSERT INTO `craft_searchindex` (`elementId`, `attribute`, `fieldId`, `locale`, `keywords`) VALUES ('27', 'extension', '0', 'en_us', ' ogg ');
INSERT INTO `craft_searchindex` (`elementId`, `attribute`, `fieldId`, `locale`, `keywords`) VALUES ('27', 'kind', '0', 'en_us', ' audio ');
INSERT INTO `craft_searchindex` (`elementId`, `attribute`, `fieldId`, `locale`, `keywords`) VALUES ('27', 'slug', '0', 'en_us', ' abc nashville samsung ftp reel ');
INSERT INTO `craft_searchindex` (`elementId`, `attribute`, `fieldId`, `locale`, `keywords`) VALUES ('27', 'title', '0', 'en_us', ' abc nashville samsung ftp reel ');
INSERT INTO `craft_searchindex` (`elementId`, `attribute`, `fieldId`, `locale`, `keywords`) VALUES ('28', 'filename', '0', 'en_us', ' 2942_twd_dish_sundays_wb website reel ogg ');
INSERT INTO `craft_searchindex` (`elementId`, `attribute`, `fieldId`, `locale`, `keywords`) VALUES ('28', 'extension', '0', 'en_us', ' ogg ');
INSERT INTO `craft_searchindex` (`elementId`, `attribute`, `fieldId`, `locale`, `keywords`) VALUES ('28', 'kind', '0', 'en_us', ' audio ');
INSERT INTO `craft_searchindex` (`elementId`, `attribute`, `fieldId`, `locale`, `keywords`) VALUES ('28', 'slug', '0', 'en_us', ' 2942 twd dish sundays wb website reel ');
INSERT INTO `craft_searchindex` (`elementId`, `attribute`, `fieldId`, `locale`, `keywords`) VALUES ('28', 'title', '0', 'en_us', ' 2942 twd dish sundays wb website reel ');
INSERT INTO `craft_searchindex` (`elementId`, `attribute`, `fieldId`, `locale`, `keywords`) VALUES ('29', 'filename', '0', 'en_us', ' dish_twd_perks10 07 ogg ');
INSERT INTO `craft_searchindex` (`elementId`, `attribute`, `fieldId`, `locale`, `keywords`) VALUES ('29', 'extension', '0', 'en_us', ' ogg ');
INSERT INTO `craft_searchindex` (`elementId`, `attribute`, `fieldId`, `locale`, `keywords`) VALUES ('29', 'kind', '0', 'en_us', ' audio ');
INSERT INTO `craft_searchindex` (`elementId`, `attribute`, `fieldId`, `locale`, `keywords`) VALUES ('29', 'slug', '0', 'en_us', ' dish twd perks10 07 ');
INSERT INTO `craft_searchindex` (`elementId`, `attribute`, `fieldId`, `locale`, `keywords`) VALUES ('29', 'title', '0', 'en_us', ' dish twd perks10 07 ');
INSERT INTO `craft_searchindex` (`elementId`, `attribute`, `fieldId`, `locale`, `keywords`) VALUES ('30', 'filename', '0', 'en_us', ' coffee_run ogg ');
INSERT INTO `craft_searchindex` (`elementId`, `attribute`, `fieldId`, `locale`, `keywords`) VALUES ('30', 'extension', '0', 'en_us', ' ogg ');
INSERT INTO `craft_searchindex` (`elementId`, `attribute`, `fieldId`, `locale`, `keywords`) VALUES ('30', 'kind', '0', 'en_us', ' audio ');
INSERT INTO `craft_searchindex` (`elementId`, `attribute`, `fieldId`, `locale`, `keywords`) VALUES ('30', 'slug', '0', 'en_us', ' coffee run ');
INSERT INTO `craft_searchindex` (`elementId`, `attribute`, `fieldId`, `locale`, `keywords`) VALUES ('30', 'title', '0', 'en_us', ' coffee run ');
INSERT INTO `craft_searchindex` (`elementId`, `attribute`, `fieldId`, `locale`, `keywords`) VALUES ('31', 'filename', '0', 'en_us', ' screenshot test jpeg ');
INSERT INTO `craft_searchindex` (`elementId`, `attribute`, `fieldId`, `locale`, `keywords`) VALUES ('31', 'extension', '0', 'en_us', ' jpeg ');
INSERT INTO `craft_searchindex` (`elementId`, `attribute`, `fieldId`, `locale`, `keywords`) VALUES ('31', 'kind', '0', 'en_us', ' image ');
INSERT INTO `craft_searchindex` (`elementId`, `attribute`, `fieldId`, `locale`, `keywords`) VALUES ('31', 'slug', '0', 'en_us', ' screenshot test ');
INSERT INTO `craft_searchindex` (`elementId`, `attribute`, `fieldId`, `locale`, `keywords`) VALUES ('31', 'title', '0', 'en_us', ' screenshot test ');
INSERT INTO `craft_searchindex` (`elementId`, `attribute`, `fieldId`, `locale`, `keywords`) VALUES ('32', 'filename', '0', 'en_us', ' nasville_webstill3 306x172 jpg ');
INSERT INTO `craft_searchindex` (`elementId`, `attribute`, `fieldId`, `locale`, `keywords`) VALUES ('32', 'extension', '0', 'en_us', ' jpg ');
INSERT INTO `craft_searchindex` (`elementId`, `attribute`, `fieldId`, `locale`, `keywords`) VALUES ('32', 'kind', '0', 'en_us', ' image ');
INSERT INTO `craft_searchindex` (`elementId`, `attribute`, `fieldId`, `locale`, `keywords`) VALUES ('32', 'slug', '0', 'en_us', ' nasville webstill3 306x172 ');
INSERT INTO `craft_searchindex` (`elementId`, `attribute`, `fieldId`, `locale`, `keywords`) VALUES ('32', 'title', '0', 'en_us', ' nasville webstill3 306x172 ');
INSERT INTO `craft_searchindex` (`elementId`, `attribute`, `fieldId`, `locale`, `keywords`) VALUES ('33', 'field', '9', 'en_us', ' nashville ');
INSERT INTO `craft_searchindex` (`elementId`, `attribute`, `fieldId`, `locale`, `keywords`) VALUES ('33', 'field', '8', 'en_us', ' abc and samsung ');
INSERT INTO `craft_searchindex` (`elementId`, `attribute`, `fieldId`, `locale`, `keywords`) VALUES ('33', 'field', '3', 'en_us', ' abc nashville samsung ftp reel ');
INSERT INTO `craft_searchindex` (`elementId`, `attribute`, `fieldId`, `locale`, `keywords`) VALUES ('33', 'field', '4', 'en_us', ' abc nashville samsung ftp reel ');
INSERT INTO `craft_searchindex` (`elementId`, `attribute`, `fieldId`, `locale`, `keywords`) VALUES ('33', 'field', '5', 'en_us', ' nasville webstill3 306x172 ');
INSERT INTO `craft_searchindex` (`elementId`, `attribute`, `fieldId`, `locale`, `keywords`) VALUES ('33', 'field', '6', 'en_us', ' co branded ');
INSERT INTO `craft_searchindex` (`elementId`, `attribute`, `fieldId`, `locale`, `keywords`) VALUES ('33', 'field', '7', 'en_us', '');
INSERT INTO `craft_searchindex` (`elementId`, `attribute`, `fieldId`, `locale`, `keywords`) VALUES ('33', 'slug', '0', 'en_us', ' nashville samsung abc ');
INSERT INTO `craft_searchindex` (`elementId`, `attribute`, `fieldId`, `locale`, `keywords`) VALUES ('33', 'title', '0', 'en_us', ' nashville samsung abc ');
INSERT INTO `craft_searchindex` (`elementId`, `attribute`, `fieldId`, `locale`, `keywords`) VALUES ('36', 'filename', '0', 'en_us', ' wendys still copy 306x172 jpg ');
INSERT INTO `craft_searchindex` (`elementId`, `attribute`, `fieldId`, `locale`, `keywords`) VALUES ('34', 'filename', '0', 'en_us', ' abc lexus chicago poster 306x172 jpg ');
INSERT INTO `craft_searchindex` (`elementId`, `attribute`, `fieldId`, `locale`, `keywords`) VALUES ('34', 'extension', '0', 'en_us', ' jpg ');
INSERT INTO `craft_searchindex` (`elementId`, `attribute`, `fieldId`, `locale`, `keywords`) VALUES ('34', 'kind', '0', 'en_us', ' image ');
INSERT INTO `craft_searchindex` (`elementId`, `attribute`, `fieldId`, `locale`, `keywords`) VALUES ('34', 'slug', '0', 'en_us', ' abc lexus chicago poster 306x172 ');
INSERT INTO `craft_searchindex` (`elementId`, `attribute`, `fieldId`, `locale`, `keywords`) VALUES ('34', 'title', '0', 'en_us', ' abc lexus chicago poster 306x172 ');
INSERT INTO `craft_searchindex` (`elementId`, `attribute`, `fieldId`, `locale`, `keywords`) VALUES ('35', 'field', '9', 'en_us', ' betrayal and revent ');
INSERT INTO `craft_searchindex` (`elementId`, `attribute`, `fieldId`, `locale`, `keywords`) VALUES ('35', 'field', '8', 'en_us', ' abc and lexus ');
INSERT INTO `craft_searchindex` (`elementId`, `attribute`, `fieldId`, `locale`, `keywords`) VALUES ('35', 'field', '3', 'en_us', ' 2940 abc lexus v 3 directorcut final website reel ');
INSERT INTO `craft_searchindex` (`elementId`, `attribute`, `fieldId`, `locale`, `keywords`) VALUES ('35', 'field', '4', 'en_us', ' 2940 abc lexus directorcut website ');
INSERT INTO `craft_searchindex` (`elementId`, `attribute`, `fieldId`, `locale`, `keywords`) VALUES ('35', 'field', '5', 'en_us', ' abc lexus chicago poster 306x172 ');
INSERT INTO `craft_searchindex` (`elementId`, `attribute`, `fieldId`, `locale`, `keywords`) VALUES ('35', 'field', '6', 'en_us', ' co branded ');
INSERT INTO `craft_searchindex` (`elementId`, `attribute`, `fieldId`, `locale`, `keywords`) VALUES ('35', 'field', '7', 'en_us', ' chris mckenna ');
INSERT INTO `craft_searchindex` (`elementId`, `attribute`, `fieldId`, `locale`, `keywords`) VALUES ('35', 'slug', '0', 'en_us', ' abc lexus ');
INSERT INTO `craft_searchindex` (`elementId`, `attribute`, `fieldId`, `locale`, `keywords`) VALUES ('35', 'title', '0', 'en_us', ' abc lexus ');
INSERT INTO `craft_searchindex` (`elementId`, `attribute`, `fieldId`, `locale`, `keywords`) VALUES ('36', 'extension', '0', 'en_us', ' jpg ');
INSERT INTO `craft_searchindex` (`elementId`, `attribute`, `fieldId`, `locale`, `keywords`) VALUES ('36', 'kind', '0', 'en_us', ' image ');
INSERT INTO `craft_searchindex` (`elementId`, `attribute`, `fieldId`, `locale`, `keywords`) VALUES ('36', 'slug', '0', 'en_us', ' wendys still copy 306x172 ');
INSERT INTO `craft_searchindex` (`elementId`, `attribute`, `fieldId`, `locale`, `keywords`) VALUES ('36', 'title', '0', 'en_us', ' wendys still copy 306x172 ');
INSERT INTO `craft_searchindex` (`elementId`, `attribute`, `fieldId`, `locale`, `keywords`) VALUES ('37', 'field', '9', 'en_us', ' shipping wars ');
INSERT INTO `craft_searchindex` (`elementId`, `attribute`, `fieldId`, `locale`, `keywords`) VALUES ('37', 'field', '8', 'en_us', ' a e and wendy s ');
INSERT INTO `craft_searchindex` (`elementId`, `attribute`, `fieldId`, `locale`, `keywords`) VALUES ('37', 'field', '3', 'en_us', ' ae shippingwars wendys website ');
INSERT INTO `craft_searchindex` (`elementId`, `attribute`, `fieldId`, `locale`, `keywords`) VALUES ('37', 'field', '4', 'en_us', ' ae shippingwars wendys website ');
INSERT INTO `craft_searchindex` (`elementId`, `attribute`, `fieldId`, `locale`, `keywords`) VALUES ('37', 'field', '5', 'en_us', ' wendys still copy 306x172 ');
INSERT INTO `craft_searchindex` (`elementId`, `attribute`, `fieldId`, `locale`, `keywords`) VALUES ('37', 'field', '6', 'en_us', ' automotive ');
INSERT INTO `craft_searchindex` (`elementId`, `attribute`, `fieldId`, `locale`, `keywords`) VALUES ('37', 'field', '7', 'en_us', ' chris mckenna ');
INSERT INTO `craft_searchindex` (`elementId`, `attribute`, `fieldId`, `locale`, `keywords`) VALUES ('37', 'slug', '0', 'en_us', ' a e wendys shipping wars ');
INSERT INTO `craft_searchindex` (`elementId`, `attribute`, `fieldId`, `locale`, `keywords`) VALUES ('37', 'title', '0', 'en_us', ' a e wendy s shipping wars ');
INSERT INTO `craft_searchindex` (`elementId`, `attribute`, `fieldId`, `locale`, `keywords`) VALUES ('38', 'filename', '0', 'en_us', ' coffee run png ');
INSERT INTO `craft_searchindex` (`elementId`, `attribute`, `fieldId`, `locale`, `keywords`) VALUES ('38', 'extension', '0', 'en_us', ' png ');
INSERT INTO `craft_searchindex` (`elementId`, `attribute`, `fieldId`, `locale`, `keywords`) VALUES ('38', 'kind', '0', 'en_us', ' image ');
INSERT INTO `craft_searchindex` (`elementId`, `attribute`, `fieldId`, `locale`, `keywords`) VALUES ('38', 'slug', '0', 'en_us', ' coffee run ');
INSERT INTO `craft_searchindex` (`elementId`, `attribute`, `fieldId`, `locale`, `keywords`) VALUES ('38', 'title', '0', 'en_us', ' coffee run ');
INSERT INTO `craft_searchindex` (`elementId`, `attribute`, `fieldId`, `locale`, `keywords`) VALUES ('39', 'field', '9', 'en_us', ' coffee run ');
INSERT INTO `craft_searchindex` (`elementId`, `attribute`, `fieldId`, `locale`, `keywords`) VALUES ('39', 'field', '8', 'en_us', ' chiller ');
INSERT INTO `craft_searchindex` (`elementId`, `attribute`, `fieldId`, `locale`, `keywords`) VALUES ('39', 'field', '3', 'en_us', ' coffee run ');
INSERT INTO `craft_searchindex` (`elementId`, `attribute`, `fieldId`, `locale`, `keywords`) VALUES ('39', 'field', '4', 'en_us', ' coffee run ');
INSERT INTO `craft_searchindex` (`elementId`, `attribute`, `fieldId`, `locale`, `keywords`) VALUES ('39', 'field', '5', 'en_us', ' coffee run ');
INSERT INTO `craft_searchindex` (`elementId`, `attribute`, `fieldId`, `locale`, `keywords`) VALUES ('39', 'field', '6', 'en_us', ' launch ');
INSERT INTO `craft_searchindex` (`elementId`, `attribute`, `fieldId`, `locale`, `keywords`) VALUES ('39', 'field', '7', 'en_us', ' lori balaban ');
INSERT INTO `craft_searchindex` (`elementId`, `attribute`, `fieldId`, `locale`, `keywords`) VALUES ('39', 'slug', '0', 'en_us', ' chiller tv coffee run ');
INSERT INTO `craft_searchindex` (`elementId`, `attribute`, `fieldId`, `locale`, `keywords`) VALUES ('39', 'title', '0', 'en_us', ' chiller tv coffee run ');
INSERT INTO `craft_searchindex` (`elementId`, `attribute`, `fieldId`, `locale`, `keywords`) VALUES ('37', 'field', '1', 'en_us', '');
INSERT INTO `craft_searchindex` (`elementId`, `attribute`, `fieldId`, `locale`, `keywords`) VALUES ('40', 'filename', '0', 'en_us', ' discovery_playstation mp4 ');
INSERT INTO `craft_searchindex` (`elementId`, `attribute`, `fieldId`, `locale`, `keywords`) VALUES ('40', 'extension', '0', 'en_us', ' mp4 ');
INSERT INTO `craft_searchindex` (`elementId`, `attribute`, `fieldId`, `locale`, `keywords`) VALUES ('40', 'kind', '0', 'en_us', ' video ');
INSERT INTO `craft_searchindex` (`elementId`, `attribute`, `fieldId`, `locale`, `keywords`) VALUES ('40', 'slug', '0', 'en_us', '');
INSERT INTO `craft_searchindex` (`elementId`, `attribute`, `fieldId`, `locale`, `keywords`) VALUES ('40', 'title', '0', 'en_us', ' discovery playstation ');
INSERT INTO `craft_searchindex` (`elementId`, `attribute`, `fieldId`, `locale`, `keywords`) VALUES ('41', 'filename', '0', 'en_us', ' ogg sample ogg ');
INSERT INTO `craft_searchindex` (`elementId`, `attribute`, `fieldId`, `locale`, `keywords`) VALUES ('41', 'extension', '0', 'en_us', ' ogg ');
INSERT INTO `craft_searchindex` (`elementId`, `attribute`, `fieldId`, `locale`, `keywords`) VALUES ('41', 'kind', '0', 'en_us', ' audio ');
INSERT INTO `craft_searchindex` (`elementId`, `attribute`, `fieldId`, `locale`, `keywords`) VALUES ('41', 'slug', '0', 'en_us', '');
INSERT INTO `craft_searchindex` (`elementId`, `attribute`, `fieldId`, `locale`, `keywords`) VALUES ('41', 'title', '0', 'en_us', ' ogg sample ');
INSERT INTO `craft_searchindex` (`elementId`, `attribute`, `fieldId`, `locale`, `keywords`) VALUES ('42', 'filename', '0', 'en_us', ' discovery playstation jpg ');
INSERT INTO `craft_searchindex` (`elementId`, `attribute`, `fieldId`, `locale`, `keywords`) VALUES ('42', 'extension', '0', 'en_us', ' jpg ');
INSERT INTO `craft_searchindex` (`elementId`, `attribute`, `fieldId`, `locale`, `keywords`) VALUES ('42', 'kind', '0', 'en_us', ' image ');
INSERT INTO `craft_searchindex` (`elementId`, `attribute`, `fieldId`, `locale`, `keywords`) VALUES ('42', 'slug', '0', 'en_us', ' discovery playstation ');
INSERT INTO `craft_searchindex` (`elementId`, `attribute`, `fieldId`, `locale`, `keywords`) VALUES ('42', 'title', '0', 'en_us', ' discovery playstation ');
INSERT INTO `craft_searchindex` (`elementId`, `attribute`, `fieldId`, `locale`, `keywords`) VALUES ('43', 'field', '9', 'en_us', ' placeholder project name ');
INSERT INTO `craft_searchindex` (`elementId`, `attribute`, `fieldId`, `locale`, `keywords`) VALUES ('43', 'field', '8', 'en_us', ' company ');
INSERT INTO `craft_searchindex` (`elementId`, `attribute`, `fieldId`, `locale`, `keywords`) VALUES ('43', 'field', '3', 'en_us', ' discovery playstation ');
INSERT INTO `craft_searchindex` (`elementId`, `attribute`, `fieldId`, `locale`, `keywords`) VALUES ('43', 'field', '4', 'en_us', ' ogg sample ');
INSERT INTO `craft_searchindex` (`elementId`, `attribute`, `fieldId`, `locale`, `keywords`) VALUES ('43', 'field', '5', 'en_us', ' discovery playstation ');
INSERT INTO `craft_searchindex` (`elementId`, `attribute`, `fieldId`, `locale`, `keywords`) VALUES ('43', 'field', '6', 'en_us', ' co branded ');
INSERT INTO `craft_searchindex` (`elementId`, `attribute`, `fieldId`, `locale`, `keywords`) VALUES ('43', 'field', '7', 'en_us', ' lori balaban ');
INSERT INTO `craft_searchindex` (`elementId`, `attribute`, `fieldId`, `locale`, `keywords`) VALUES ('43', 'field', '1', 'en_us', '');
INSERT INTO `craft_searchindex` (`elementId`, `attribute`, `fieldId`, `locale`, `keywords`) VALUES ('43', 'slug', '0', 'en_us', ' test from denizen ');
INSERT INTO `craft_searchindex` (`elementId`, `attribute`, `fieldId`, `locale`, `keywords`) VALUES ('43', 'title', '0', 'en_us', ' test from denizen ');
INSERT INTO `craft_searchindex` (`elementId`, `attribute`, `fieldId`, `locale`, `keywords`) VALUES ('6', 'field', '7', 'en_us', ' lori balaban alan william harris jr soldano ronnie krensel ');
INSERT INTO `craft_searchindex` (`elementId`, `attribute`, `fieldId`, `locale`, `keywords`) VALUES ('6', 'slug', '0', 'en_us', ' directorspage ');
INSERT INTO `craft_searchindex` (`elementId`, `attribute`, `fieldId`, `locale`, `keywords`) VALUES ('6', 'title', '0', 'en_us', ' directors page ');
INSERT INTO `craft_searchindex` (`elementId`, `attribute`, `fieldId`, `locale`, `keywords`) VALUES ('44', 'filename', '0', 'en_us', ' discovery_3_days_to_kill mp4 ');
INSERT INTO `craft_searchindex` (`elementId`, `attribute`, `fieldId`, `locale`, `keywords`) VALUES ('44', 'extension', '0', 'en_us', ' mp4 ');
INSERT INTO `craft_searchindex` (`elementId`, `attribute`, `fieldId`, `locale`, `keywords`) VALUES ('44', 'kind', '0', 'en_us', ' video ');
INSERT INTO `craft_searchindex` (`elementId`, `attribute`, `fieldId`, `locale`, `keywords`) VALUES ('44', 'slug', '0', 'en_us', '');
INSERT INTO `craft_searchindex` (`elementId`, `attribute`, `fieldId`, `locale`, `keywords`) VALUES ('44', 'title', '0', 'en_us', ' discovery 3 days to kill ');
INSERT INTO `craft_searchindex` (`elementId`, `attribute`, `fieldId`, `locale`, `keywords`) VALUES ('45', 'field', '9', 'en_us', ' denizen video ');
INSERT INTO `craft_searchindex` (`elementId`, `attribute`, `fieldId`, `locale`, `keywords`) VALUES ('45', 'field', '8', 'en_us', ' me myself ');
INSERT INTO `craft_searchindex` (`elementId`, `attribute`, `fieldId`, `locale`, `keywords`) VALUES ('45', 'field', '3', 'en_us', ' discovery 3 days to kill ');
INSERT INTO `craft_searchindex` (`elementId`, `attribute`, `fieldId`, `locale`, `keywords`) VALUES ('45', 'field', '4', 'en_us', '');
INSERT INTO `craft_searchindex` (`elementId`, `attribute`, `fieldId`, `locale`, `keywords`) VALUES ('45', 'field', '5', 'en_us', '');
INSERT INTO `craft_searchindex` (`elementId`, `attribute`, `fieldId`, `locale`, `keywords`) VALUES ('45', 'field', '6', 'en_us', ' automotive ');
INSERT INTO `craft_searchindex` (`elementId`, `attribute`, `fieldId`, `locale`, `keywords`) VALUES ('45', 'field', '7', 'en_us', '');
INSERT INTO `craft_searchindex` (`elementId`, `attribute`, `fieldId`, `locale`, `keywords`) VALUES ('45', 'field', '1', 'en_us', '');
INSERT INTO `craft_searchindex` (`elementId`, `attribute`, `fieldId`, `locale`, `keywords`) VALUES ('45', 'slug', '0', 'en_us', ' size test ');
INSERT INTO `craft_searchindex` (`elementId`, `attribute`, `fieldId`, `locale`, `keywords`) VALUES ('45', 'title', '0', 'en_us', ' size test ');
INSERT INTO `craft_searchindex` (`elementId`, `attribute`, `fieldId`, `locale`, `keywords`) VALUES ('5', 'field', '15', 'en_us', ' a e wendy s shipping wars nashville samsung abc ');
INSERT INTO `craft_searchindex` (`elementId`, `attribute`, `fieldId`, `locale`, `keywords`) VALUES ('5', 'slug', '0', 'en_us', ' ourwork ');
INSERT INTO `craft_searchindex` (`elementId`, `attribute`, `fieldId`, `locale`, `keywords`) VALUES ('5', 'title', '0', 'en_us', ' our work ');
INSERT INTO `craft_searchindex` (`elementId`, `attribute`, `fieldId`, `locale`, `keywords`) VALUES ('46', 'filename', '0', 'en_us', ' stalked_still tiff ');
INSERT INTO `craft_searchindex` (`elementId`, `attribute`, `fieldId`, `locale`, `keywords`) VALUES ('46', 'extension', '0', 'en_us', ' tiff ');
INSERT INTO `craft_searchindex` (`elementId`, `attribute`, `fieldId`, `locale`, `keywords`) VALUES ('46', 'kind', '0', 'en_us', ' image ');
INSERT INTO `craft_searchindex` (`elementId`, `attribute`, `fieldId`, `locale`, `keywords`) VALUES ('46', 'slug', '0', 'en_us', ' stalked still ');
INSERT INTO `craft_searchindex` (`elementId`, `attribute`, `fieldId`, `locale`, `keywords`) VALUES ('46', 'title', '0', 'en_us', ' stalked still ');
INSERT INTO `craft_searchindex` (`elementId`, `attribute`, `fieldId`, `locale`, `keywords`) VALUES ('37', 'field', '22', 'en_us', ' automotive co branded ');



DROP TABLE IF EXISTS `craft_sections`;


--
-- Schema for table `craft_sections`
--
CREATE TABLE `craft_sections` (
  `id` int(11) NOT NULL AUTO_INCREMENT,
  `structureId` int(11) DEFAULT NULL,
  `name` varchar(255) COLLATE utf8_unicode_ci NOT NULL,
  `handle` varchar(255) COLLATE utf8_unicode_ci NOT NULL,
  `type` enum('single','channel','structure') COLLATE utf8_unicode_ci NOT NULL DEFAULT 'channel',
  `hasUrls` tinyint(1) unsigned NOT NULL DEFAULT '1',
  `template` varchar(500) COLLATE utf8_unicode_ci DEFAULT NULL,
  `enableVersioning` tinyint(1) unsigned NOT NULL DEFAULT '0',
  `dateCreated` datetime NOT NULL,
  `dateUpdated` datetime NOT NULL,
  `uid` char(36) COLLATE utf8_unicode_ci NOT NULL DEFAULT '0',
  PRIMARY KEY (`id`),
  UNIQUE KEY `craft_sections_name_unq_idx` (`name`),
  UNIQUE KEY `craft_sections_handle_unq_idx` (`handle`),
  KEY `craft_sections_structureId_fk` (`structureId`)
) ENGINE=InnoDB AUTO_INCREMENT=9 DEFAULT CHARSET=utf8 COLLATE=utf8_unicode_ci;

--
-- Data for table `craft_sections`
--

INSERT INTO `craft_sections` (`id`, `structureId`, `name`, `handle`, `type`, `hasUrls`, `template`, `enableVersioning`, `dateCreated`, `dateUpdated`, `uid`) VALUES ('1', NULL, 'Homepage', 'homepage', 'single', '1', 'index', '1', '2015-01-15 18:31:47', '2015-01-15 18:31:47', 'd9dffc7e-e97e-4788-9e8c-475b867081c6');
INSERT INTO `craft_sections` (`id`, `structureId`, `name`, `handle`, `type`, `hasUrls`, `template`, `enableVersioning`, `dateCreated`, `dateUpdated`, `uid`) VALUES ('2', NULL, 'News', 'news', 'channel', '1', 'news/_entry', '1', '2015-01-15 18:31:48', '2015-01-15 18:31:48', '33070750-8dbc-4984-beec-2011e8ac11c8');
INSERT INTO `craft_sections` (`id`, `structureId`, `name`, `handle`, `type`, `hasUrls`, `template`, `enableVersioning`, `dateCreated`, `dateUpdated`, `uid`) VALUES ('3', NULL, 'Work', 'work', 'channel', '1', 'work/_entry', '1', '2015-01-27 16:08:07', '2015-01-27 16:12:59', 'ce8fc818-45dc-4b74-88ea-b03f5e6a9f3c');
INSERT INTO `craft_sections` (`id`, `structureId`, `name`, `handle`, `type`, `hasUrls`, `template`, `enableVersioning`, `dateCreated`, `dateUpdated`, `uid`) VALUES ('4', NULL, 'Directors', 'directors', 'channel', '1', 'directors/_entry', '1', '2015-01-27 16:26:23', '2015-01-27 16:26:44', '22d3cc41-884d-493c-9927-619d81dfd31c');
INSERT INTO `craft_sections` (`id`, `structureId`, `name`, `handle`, `type`, `hasUrls`, `template`, `enableVersioning`, `dateCreated`, `dateUpdated`, `uid`) VALUES ('5', NULL, 'Other Videos', 'otherVideos', 'channel', '0', NULL, '0', '2015-01-27 16:38:54', '2015-01-27 16:38:54', 'c14de220-96e2-4e00-9626-b25aabd1d2a8');
INSERT INTO `craft_sections` (`id`, `structureId`, `name`, `handle`, `type`, `hasUrls`, `template`, `enableVersioning`, `dateCreated`, `dateUpdated`, `uid`) VALUES ('6', NULL, 'Our Work', 'ourWork', 'single', '1', 'our-work', '1', '2015-01-27 16:56:56', '2015-01-27 16:56:56', 'af0fbe57-ed1b-497d-bce0-be43a576405e');
INSERT INTO `craft_sections` (`id`, `structureId`, `name`, `handle`, `type`, `hasUrls`, `template`, `enableVersioning`, `dateCreated`, `dateUpdated`, `uid`) VALUES ('7', NULL, 'Directors Page', 'directorsPage', 'single', '1', 'directors', '1', '2015-01-27 17:00:43', '2015-01-27 17:00:43', '454db979-2706-4d62-9a28-33363d29bcaa');
INSERT INTO `craft_sections` (`id`, `structureId`, `name`, `handle`, `type`, `hasUrls`, `template`, `enableVersioning`, `dateCreated`, `dateUpdated`, `uid`) VALUES ('8', NULL, 'About', 'about', 'single', '1', 'about', '1', '2015-01-27 17:06:00', '2015-01-27 17:06:00', 'a18c0de5-bf22-4419-a7be-78c81cb141f3');



DROP TABLE IF EXISTS `craft_sections_i18n`;


--
-- Schema for table `craft_sections_i18n`
--
CREATE TABLE `craft_sections_i18n` (
  `id` int(11) NOT NULL AUTO_INCREMENT,
  `sectionId` int(11) NOT NULL,
  `locale` char(12) COLLATE utf8_unicode_ci NOT NULL,
  `enabledByDefault` tinyint(1) unsigned NOT NULL DEFAULT '1',
  `urlFormat` varchar(255) COLLATE utf8_unicode_ci DEFAULT NULL,
  `nestedUrlFormat` varchar(255) COLLATE utf8_unicode_ci DEFAULT NULL,
  `dateCreated` datetime NOT NULL,
  `dateUpdated` datetime NOT NULL,
  `uid` char(36) COLLATE utf8_unicode_ci NOT NULL DEFAULT '0',
  PRIMARY KEY (`id`),
  UNIQUE KEY `craft_sections_i18n_sectionId_locale_unq_idx` (`sectionId`,`locale`),
  KEY `craft_sections_i18n_locale_fk` (`locale`)
) ENGINE=InnoDB AUTO_INCREMENT=9 DEFAULT CHARSET=utf8 COLLATE=utf8_unicode_ci;

--
-- Data for table `craft_sections_i18n`
--

INSERT INTO `craft_sections_i18n` (`id`, `sectionId`, `locale`, `enabledByDefault`, `urlFormat`, `nestedUrlFormat`, `dateCreated`, `dateUpdated`, `uid`) VALUES ('1', '1', 'en_us', '1', '__home__', NULL, '2015-01-15 18:31:47', '2015-01-15 18:31:47', 'f29f35e6-d32a-4d81-8812-c0b8d19176c6');
INSERT INTO `craft_sections_i18n` (`id`, `sectionId`, `locale`, `enabledByDefault`, `urlFormat`, `nestedUrlFormat`, `dateCreated`, `dateUpdated`, `uid`) VALUES ('2', '2', 'en_us', '1', 'news/{postDate.year}/{slug}', NULL, '2015-01-15 18:31:48', '2015-01-15 18:31:48', 'b703f898-9240-4e81-9600-7cbc46863876');
INSERT INTO `craft_sections_i18n` (`id`, `sectionId`, `locale`, `enabledByDefault`, `urlFormat`, `nestedUrlFormat`, `dateCreated`, `dateUpdated`, `uid`) VALUES ('3', '3', 'en_us', '0', 'work/{slug}', NULL, '2015-01-27 16:08:07', '2015-01-27 16:08:07', 'e2c29dd9-2f39-46b1-928d-bd68b74520d7');
INSERT INTO `craft_sections_i18n` (`id`, `sectionId`, `locale`, `enabledByDefault`, `urlFormat`, `nestedUrlFormat`, `dateCreated`, `dateUpdated`, `uid`) VALUES ('4', '4', 'en_us', '0', 'directors/{slug}', NULL, '2015-01-27 16:26:23', '2015-01-27 16:26:44', 'b463ea1d-a449-42bd-a863-6cea9d3986de');
INSERT INTO `craft_sections_i18n` (`id`, `sectionId`, `locale`, `enabledByDefault`, `urlFormat`, `nestedUrlFormat`, `dateCreated`, `dateUpdated`, `uid`) VALUES ('5', '5', 'en_us', '0', NULL, NULL, '2015-01-27 16:38:54', '2015-01-27 16:38:54', 'fe5f9a7a-7fa9-4484-a105-2e5fb17ee4c5');
INSERT INTO `craft_sections_i18n` (`id`, `sectionId`, `locale`, `enabledByDefault`, `urlFormat`, `nestedUrlFormat`, `dateCreated`, `dateUpdated`, `uid`) VALUES ('6', '6', 'en_us', '0', 'our-work', NULL, '2015-01-27 16:56:56', '2015-01-27 16:56:56', 'da09cea3-831d-407c-94fb-6207ef9aa293');
INSERT INTO `craft_sections_i18n` (`id`, `sectionId`, `locale`, `enabledByDefault`, `urlFormat`, `nestedUrlFormat`, `dateCreated`, `dateUpdated`, `uid`) VALUES ('7', '7', 'en_us', '0', 'directors', NULL, '2015-01-27 17:00:43', '2015-01-27 17:00:43', '15f99157-e8b7-4c0e-b1b8-e99c3fccdeba');
INSERT INTO `craft_sections_i18n` (`id`, `sectionId`, `locale`, `enabledByDefault`, `urlFormat`, `nestedUrlFormat`, `dateCreated`, `dateUpdated`, `uid`) VALUES ('8', '8', 'en_us', '0', 'about', NULL, '2015-01-27 17:06:00', '2015-01-27 17:06:00', 'e3fec829-d1e0-4bc0-b3bf-0e8f97d404d1');



DROP TABLE IF EXISTS `craft_sessions`;


--
-- Schema for table `craft_sessions`
--
CREATE TABLE `craft_sessions` (
  `id` int(11) NOT NULL AUTO_INCREMENT,
  `userId` int(11) NOT NULL,
  `token` char(100) COLLATE utf8_unicode_ci NOT NULL,
  `dateCreated` datetime NOT NULL,
  `dateUpdated` datetime NOT NULL,
  `uid` char(36) COLLATE utf8_unicode_ci NOT NULL DEFAULT '0',
  PRIMARY KEY (`id`),
  KEY `craft_sessions_uid_idx` (`uid`),
  KEY `craft_sessions_token_idx` (`token`),
  KEY `craft_sessions_dateUpdated_idx` (`dateUpdated`),
  KEY `craft_sessions_userId_fk` (`userId`)
) ENGINE=InnoDB AUTO_INCREMENT=29 DEFAULT CHARSET=utf8 COLLATE=utf8_unicode_ci;

DROP TABLE IF EXISTS `craft_shunnedmessages`;


--
-- Schema for table `craft_shunnedmessages`
--
CREATE TABLE `craft_shunnedmessages` (
  `id` int(11) NOT NULL AUTO_INCREMENT,
  `userId` int(11) NOT NULL,
  `message` varchar(255) COLLATE utf8_unicode_ci NOT NULL,
  `expiryDate` datetime DEFAULT NULL,
  `dateCreated` datetime NOT NULL,
  `dateUpdated` datetime NOT NULL,
  `uid` char(36) COLLATE utf8_unicode_ci NOT NULL DEFAULT '0',
  PRIMARY KEY (`id`),
  UNIQUE KEY `craft_shunnedmessages_userId_message_unq_idx` (`userId`,`message`)
) ENGINE=InnoDB DEFAULT CHARSET=utf8 COLLATE=utf8_unicode_ci;

DROP TABLE IF EXISTS `craft_structureelements`;


--
-- Schema for table `craft_structureelements`
--
CREATE TABLE `craft_structureelements` (
  `id` int(11) NOT NULL AUTO_INCREMENT,
  `structureId` int(11) NOT NULL,
  `elementId` int(11) DEFAULT NULL,
  `root` int(11) unsigned DEFAULT NULL,
  `lft` int(11) unsigned NOT NULL,
  `rgt` int(11) unsigned NOT NULL,
  `level` smallint(6) unsigned NOT NULL,
  `dateCreated` datetime NOT NULL,
  `dateUpdated` datetime NOT NULL,
  `uid` char(36) COLLATE utf8_unicode_ci NOT NULL DEFAULT '0',
  PRIMARY KEY (`id`),
  UNIQUE KEY `craft_structureelements_structureId_elementId_unq_idx` (`structureId`,`elementId`),
  KEY `craft_structureelements_root_idx` (`root`),
  KEY `craft_structureelements_lft_idx` (`lft`),
  KEY `craft_structureelements_rgt_idx` (`rgt`),
  KEY `craft_structureelements_level_idx` (`level`),
  KEY `craft_structureelements_elementId_fk` (`elementId`)
) ENGINE=InnoDB DEFAULT CHARSET=utf8 COLLATE=utf8_unicode_ci;

DROP TABLE IF EXISTS `craft_structures`;


--
-- Schema for table `craft_structures`
--
CREATE TABLE `craft_structures` (
  `id` int(11) NOT NULL AUTO_INCREMENT,
  `maxLevels` smallint(6) unsigned DEFAULT NULL,
  `dateCreated` datetime NOT NULL,
  `dateUpdated` datetime NOT NULL,
  `uid` char(36) COLLATE utf8_unicode_ci NOT NULL DEFAULT '0',
  PRIMARY KEY (`id`)
) ENGINE=InnoDB DEFAULT CHARSET=utf8 COLLATE=utf8_unicode_ci;

DROP TABLE IF EXISTS `craft_systemsettings`;


--
-- Schema for table `craft_systemsettings`
--
CREATE TABLE `craft_systemsettings` (
  `id` int(11) NOT NULL AUTO_INCREMENT,
  `category` varchar(15) COLLATE utf8_unicode_ci NOT NULL,
  `settings` text COLLATE utf8_unicode_ci,
  `dateCreated` datetime NOT NULL,
  `dateUpdated` datetime NOT NULL,
  `uid` char(36) COLLATE utf8_unicode_ci NOT NULL DEFAULT '0',
  PRIMARY KEY (`id`),
  UNIQUE KEY `craft_systemsettings_category_unq_idx` (`category`)
) ENGINE=InnoDB AUTO_INCREMENT=2 DEFAULT CHARSET=utf8 COLLATE=utf8_unicode_ci;

--
-- Data for table `craft_systemsettings`
--

INSERT INTO `craft_systemsettings` (`id`, `category`, `settings`, `dateCreated`, `dateUpdated`, `uid`) VALUES ('1', 'email', '{\"protocol\":\"php\",\"emailAddress\":\"bcfeeney@gmail.com\",\"senderName\":\"Wee Beastie\"}', '2015-01-15 18:31:47', '2015-01-15 18:31:47', 'c8f4492b-e7ff-4b00-a9f8-437882552051');



DROP TABLE IF EXISTS `craft_taggroups`;


--
-- Schema for table `craft_taggroups`
--
CREATE TABLE `craft_taggroups` (
  `id` int(11) NOT NULL AUTO_INCREMENT,
  `name` varchar(255) COLLATE utf8_unicode_ci NOT NULL,
  `handle` varchar(255) COLLATE utf8_unicode_ci NOT NULL,
  `fieldLayoutId` int(10) DEFAULT NULL,
  `dateCreated` datetime NOT NULL,
  `dateUpdated` datetime NOT NULL,
  `uid` char(36) COLLATE utf8_unicode_ci NOT NULL DEFAULT '0',
  PRIMARY KEY (`id`),
  UNIQUE KEY `craft_taggroups_name_unq_idx` (`name`),
  UNIQUE KEY `craft_taggroups_handle_unq_idx` (`handle`),
  KEY `craft_taggroups_fieldLayoutId_fk` (`fieldLayoutId`)
) ENGINE=InnoDB AUTO_INCREMENT=2 DEFAULT CHARSET=utf8 COLLATE=utf8_unicode_ci;

--
-- Data for table `craft_taggroups`
--

INSERT INTO `craft_taggroups` (`id`, `name`, `handle`, `fieldLayoutId`, `dateCreated`, `dateUpdated`, `uid`) VALUES ('1', 'Default', 'default', '1', '2015-01-15 18:31:47', '2015-01-15 18:31:47', 'f65bec59-0d1c-415e-a49c-8bb79a10e8a8');



DROP TABLE IF EXISTS `craft_tags`;


--
-- Schema for table `craft_tags`
--
CREATE TABLE `craft_tags` (
  `id` int(11) NOT NULL,
  `groupId` int(11) NOT NULL,
  `dateCreated` datetime NOT NULL,
  `dateUpdated` datetime NOT NULL,
  `uid` char(36) COLLATE utf8_unicode_ci NOT NULL DEFAULT '0',
  PRIMARY KEY (`id`),
  KEY `craft_tags_groupId_fk` (`groupId`)
) ENGINE=InnoDB DEFAULT CHARSET=utf8 COLLATE=utf8_unicode_ci;

DROP TABLE IF EXISTS `craft_tasks`;


--
-- Schema for table `craft_tasks`
--
CREATE TABLE `craft_tasks` (
  `id` int(11) NOT NULL AUTO_INCREMENT,
  `root` int(11) unsigned DEFAULT NULL,
  `lft` int(11) unsigned NOT NULL,
  `rgt` int(11) unsigned NOT NULL,
  `level` smallint(6) unsigned NOT NULL,
  `currentStep` int(11) unsigned DEFAULT NULL,
  `totalSteps` int(11) unsigned DEFAULT NULL,
  `status` enum('pending','error','running') COLLATE utf8_unicode_ci DEFAULT NULL,
  `type` varchar(150) COLLATE utf8_unicode_ci NOT NULL,
  `description` varchar(255) COLLATE utf8_unicode_ci DEFAULT NULL,
  `settings` text COLLATE utf8_unicode_ci,
  `dateCreated` datetime NOT NULL,
  `dateUpdated` datetime NOT NULL,
  `uid` char(36) COLLATE utf8_unicode_ci NOT NULL DEFAULT '0',
  PRIMARY KEY (`id`),
  KEY `craft_tasks_root_idx` (`root`),
  KEY `craft_tasks_lft_idx` (`lft`),
  KEY `craft_tasks_rgt_idx` (`rgt`),
  KEY `craft_tasks_level_idx` (`level`)
) ENGINE=InnoDB AUTO_INCREMENT=14 DEFAULT CHARSET=utf8 COLLATE=utf8_unicode_ci;

DROP TABLE IF EXISTS `craft_templatecachecriteria`;


--
-- Schema for table `craft_templatecachecriteria`
--
CREATE TABLE `craft_templatecachecriteria` (
  `id` int(11) NOT NULL AUTO_INCREMENT,
  `cacheId` int(11) NOT NULL,
  `type` varchar(150) COLLATE utf8_unicode_ci NOT NULL,
  `criteria` text COLLATE utf8_unicode_ci NOT NULL,
  PRIMARY KEY (`id`),
  KEY `craft_templatecachecriteria_cacheId_fk` (`cacheId`),
  KEY `craft_templatecachecriteria_type_idx` (`type`)
) ENGINE=InnoDB DEFAULT CHARSET=utf8 COLLATE=utf8_unicode_ci;

DROP TABLE IF EXISTS `craft_templatecacheelements`;


--
-- Schema for table `craft_templatecacheelements`
--
CREATE TABLE `craft_templatecacheelements` (
  `cacheId` int(11) NOT NULL,
  `elementId` int(11) NOT NULL,
  KEY `craft_templatecacheelements_cacheId_fk` (`cacheId`),
  KEY `craft_templatecacheelements_elementId_fk` (`elementId`)
) ENGINE=InnoDB DEFAULT CHARSET=utf8 COLLATE=utf8_unicode_ci;

DROP TABLE IF EXISTS `craft_templatecaches`;


--
-- Schema for table `craft_templatecaches`
--
CREATE TABLE `craft_templatecaches` (
  `id` int(11) NOT NULL AUTO_INCREMENT,
  `cacheKey` varchar(255) COLLATE utf8_unicode_ci NOT NULL,
  `locale` char(12) COLLATE utf8_unicode_ci NOT NULL,
  `path` varchar(255) COLLATE utf8_unicode_ci DEFAULT NULL,
  `expiryDate` datetime NOT NULL,
  `body` mediumtext COLLATE utf8_unicode_ci NOT NULL,
  PRIMARY KEY (`id`),
  KEY `craft_templatecaches_expiryDate_cacheKey_locale_path_idx` (`expiryDate`,`cacheKey`,`locale`,`path`),
  KEY `craft_templatecaches_locale_fk` (`locale`)
) ENGINE=InnoDB DEFAULT CHARSET=utf8 COLLATE=utf8_unicode_ci;

DROP TABLE IF EXISTS `craft_tokens`;


--
-- Schema for table `craft_tokens`
--
CREATE TABLE `craft_tokens` (
  `id` int(11) NOT NULL AUTO_INCREMENT,
  `token` char(32) COLLATE utf8_unicode_ci NOT NULL,
  `route` text COLLATE utf8_unicode_ci,
  `usageLimit` tinyint(3) unsigned DEFAULT NULL,
  `usageCount` tinyint(3) unsigned DEFAULT NULL,
  `expiryDate` datetime NOT NULL,
  `dateCreated` datetime NOT NULL,
  `dateUpdated` datetime NOT NULL,
  `uid` char(36) COLLATE utf8_unicode_ci NOT NULL DEFAULT '0',
  PRIMARY KEY (`id`),
  UNIQUE KEY `craft_tokens_token_unq_idx` (`token`),
  KEY `craft_tokens_expiryDate_idx` (`expiryDate`)
) ENGINE=InnoDB DEFAULT CHARSET=utf8 COLLATE=utf8_unicode_ci;

DROP TABLE IF EXISTS `craft_usergroups`;


--
-- Schema for table `craft_usergroups`
--
CREATE TABLE `craft_usergroups` (
  `id` int(11) NOT NULL AUTO_INCREMENT,
  `name` varchar(255) COLLATE utf8_unicode_ci NOT NULL,
  `handle` varchar(255) COLLATE utf8_unicode_ci NOT NULL,
  `dateCreated` datetime NOT NULL,
  `dateUpdated` datetime NOT NULL,
  `uid` char(36) COLLATE utf8_unicode_ci NOT NULL DEFAULT '0',
  PRIMARY KEY (`id`)
) ENGINE=InnoDB DEFAULT CHARSET=utf8 COLLATE=utf8_unicode_ci;

DROP TABLE IF EXISTS `craft_usergroups_users`;


--
-- Schema for table `craft_usergroups_users`
--
CREATE TABLE `craft_usergroups_users` (
  `id` int(11) NOT NULL AUTO_INCREMENT,
  `groupId` int(11) NOT NULL,
  `userId` int(11) NOT NULL,
  `dateCreated` datetime NOT NULL,
  `dateUpdated` datetime NOT NULL,
  `uid` char(36) COLLATE utf8_unicode_ci NOT NULL DEFAULT '0',
  PRIMARY KEY (`id`),
  UNIQUE KEY `craft_usergroups_users_groupId_userId_unq_idx` (`groupId`,`userId`),
  KEY `craft_usergroups_users_userId_fk` (`userId`)
) ENGINE=InnoDB DEFAULT CHARSET=utf8 COLLATE=utf8_unicode_ci;

DROP TABLE IF EXISTS `craft_userpermissions`;


--
-- Schema for table `craft_userpermissions`
--
CREATE TABLE `craft_userpermissions` (
  `id` int(11) NOT NULL AUTO_INCREMENT,
  `name` varchar(255) COLLATE utf8_unicode_ci NOT NULL,
  `dateCreated` datetime NOT NULL,
  `dateUpdated` datetime NOT NULL,
  `uid` char(36) COLLATE utf8_unicode_ci NOT NULL DEFAULT '0',
  PRIMARY KEY (`id`),
  UNIQUE KEY `craft_userpermissions_name_unq_idx` (`name`)
) ENGINE=InnoDB DEFAULT CHARSET=utf8 COLLATE=utf8_unicode_ci;

DROP TABLE IF EXISTS `craft_userpermissions_usergroups`;


--
-- Schema for table `craft_userpermissions_usergroups`
--
CREATE TABLE `craft_userpermissions_usergroups` (
  `id` int(11) NOT NULL AUTO_INCREMENT,
  `permissionId` int(11) NOT NULL,
  `groupId` int(11) NOT NULL,
  `dateCreated` datetime NOT NULL,
  `dateUpdated` datetime NOT NULL,
  `uid` char(36) COLLATE utf8_unicode_ci NOT NULL DEFAULT '0',
  PRIMARY KEY (`id`),
  UNIQUE KEY `craft_userpermissions_usergroups_permissionId_groupId_unq_idx` (`permissionId`,`groupId`),
  KEY `craft_userpermissions_usergroups_groupId_fk` (`groupId`)
) ENGINE=InnoDB DEFAULT CHARSET=utf8 COLLATE=utf8_unicode_ci;

DROP TABLE IF EXISTS `craft_userpermissions_users`;


--
-- Schema for table `craft_userpermissions_users`
--
CREATE TABLE `craft_userpermissions_users` (
  `id` int(11) NOT NULL AUTO_INCREMENT,
  `permissionId` int(11) NOT NULL,
  `userId` int(11) NOT NULL,
  `dateCreated` datetime NOT NULL,
  `dateUpdated` datetime NOT NULL,
  `uid` char(36) COLLATE utf8_unicode_ci NOT NULL DEFAULT '0',
  PRIMARY KEY (`id`),
  UNIQUE KEY `craft_userpermissions_users_permissionId_userId_unq_idx` (`permissionId`,`userId`),
  KEY `craft_userpermissions_users_userId_fk` (`userId`)
) ENGINE=InnoDB DEFAULT CHARSET=utf8 COLLATE=utf8_unicode_ci;

DROP TABLE IF EXISTS `craft_users`;


--
-- Schema for table `craft_users`
--
CREATE TABLE `craft_users` (
  `id` int(11) NOT NULL,
  `username` varchar(100) COLLATE utf8_unicode_ci NOT NULL,
  `photo` varchar(50) COLLATE utf8_unicode_ci DEFAULT NULL,
  `firstName` varchar(100) COLLATE utf8_unicode_ci DEFAULT NULL,
  `lastName` varchar(100) COLLATE utf8_unicode_ci DEFAULT NULL,
  `email` varchar(255) COLLATE utf8_unicode_ci NOT NULL,
  `password` char(255) COLLATE utf8_unicode_ci DEFAULT NULL,
  `preferredLocale` char(12) COLLATE utf8_unicode_ci DEFAULT NULL,
  `weekStartDay` tinyint(1) unsigned NOT NULL DEFAULT '0',
  `admin` tinyint(1) unsigned NOT NULL DEFAULT '0',
  `client` tinyint(1) unsigned NOT NULL DEFAULT '0',
  `locked` tinyint(1) unsigned NOT NULL DEFAULT '0',
  `suspended` tinyint(1) unsigned NOT NULL DEFAULT '0',
  `pending` tinyint(1) unsigned NOT NULL DEFAULT '0',
  `archived` tinyint(1) unsigned NOT NULL DEFAULT '0',
  `lastLoginDate` datetime DEFAULT NULL,
  `lastLoginAttemptIPAddress` varchar(45) COLLATE utf8_unicode_ci DEFAULT NULL,
  `invalidLoginWindowStart` datetime DEFAULT NULL,
  `invalidLoginCount` tinyint(4) unsigned DEFAULT NULL,
  `lastInvalidLoginDate` datetime DEFAULT NULL,
  `lockoutDate` datetime DEFAULT NULL,
  `verificationCode` char(100) COLLATE utf8_unicode_ci DEFAULT NULL,
  `verificationCodeIssuedDate` datetime DEFAULT NULL,
  `unverifiedEmail` varchar(255) COLLATE utf8_unicode_ci DEFAULT NULL,
  `passwordResetRequired` tinyint(1) unsigned NOT NULL DEFAULT '0',
  `lastPasswordChangeDate` datetime DEFAULT NULL,
  `dateCreated` datetime NOT NULL,
  `dateUpdated` datetime NOT NULL,
  `uid` char(36) COLLATE utf8_unicode_ci NOT NULL DEFAULT '0',
  PRIMARY KEY (`id`),
  UNIQUE KEY `craft_users_username_unq_idx` (`username`),
  UNIQUE KEY `craft_users_email_unq_idx` (`email`),
  KEY `craft_users_verificationCode_idx` (`verificationCode`),
  KEY `craft_users_uid_idx` (`uid`),
  KEY `craft_users_preferredLocale_fk` (`preferredLocale`)
) ENGINE=InnoDB DEFAULT CHARSET=utf8 COLLATE=utf8_unicode_ci;

--
-- Data for table `craft_users`
--

INSERT INTO `craft_users` (`id`, `username`, `photo`, `firstName`, `lastName`, `email`, `password`, `preferredLocale`, `weekStartDay`, `admin`, `client`, `locked`, `suspended`, `pending`, `archived`, `lastLoginDate`, `lastLoginAttemptIPAddress`, `invalidLoginWindowStart`, `invalidLoginCount`, `lastInvalidLoginDate`, `lockoutDate`, `verificationCode`, `verificationCodeIssuedDate`, `unverifiedEmail`, `passwordResetRequired`, `lastPasswordChangeDate`, `dateCreated`, `dateUpdated`, `uid`) VALUES ('1', 'Beastie', NULL, NULL, NULL, 'bcfeeney@gmail.com', '$2a$13$Frta70Y7iCrRek/jru5yJ.RyqPKUl6Q5c7qsH4YZ7dpcIN7QFe85q', NULL, '0', '1', '0', '0', '0', '0', '0', '2015-04-02 12:33:01', '127.0.0.1', NULL, NULL, NULL, NULL, NULL, NULL, NULL, '0', '2015-01-15 18:31:43', '2015-01-15 18:31:44', '2015-04-02 12:33:01', 'c1fbe7ee-6858-49f0-8cb5-c1f595e4737f');



DROP TABLE IF EXISTS `craft_widgets`;


--
-- Schema for table `craft_widgets`
--
CREATE TABLE `craft_widgets` (
  `id` int(11) NOT NULL AUTO_INCREMENT,
  `userId` int(11) NOT NULL,
  `type` varchar(150) COLLATE utf8_unicode_ci NOT NULL,
  `sortOrder` tinyint(4) DEFAULT NULL,
  `settings` text COLLATE utf8_unicode_ci,
  `enabled` tinyint(1) unsigned NOT NULL DEFAULT '1',
  `dateCreated` datetime NOT NULL,
  `dateUpdated` datetime NOT NULL,
  `uid` char(36) COLLATE utf8_unicode_ci NOT NULL DEFAULT '0',
  PRIMARY KEY (`id`),
  KEY `craft_widgets_userId_fk` (`userId`)
) ENGINE=InnoDB AUTO_INCREMENT=6 DEFAULT CHARSET=utf8 COLLATE=utf8_unicode_ci;

--
-- Data for table `craft_widgets`
--

INSERT INTO `craft_widgets` (`id`, `userId`, `type`, `sortOrder`, `settings`, `enabled`, `dateCreated`, `dateUpdated`, `uid`) VALUES ('1', '1', 'RecentEntries', '1', NULL, '1', '2015-01-15 18:31:57', '2015-01-15 18:31:57', '075c2446-795c-427d-8761-1034121ea823');
INSERT INTO `craft_widgets` (`id`, `userId`, `type`, `sortOrder`, `settings`, `enabled`, `dateCreated`, `dateUpdated`, `uid`) VALUES ('2', '1', 'GetHelp', '2', NULL, '0', '2015-01-15 18:31:57', '2015-03-17 12:59:46', '9e34939c-5976-4568-b7ba-cc9a8a7c15c3');
INSERT INTO `craft_widgets` (`id`, `userId`, `type`, `sortOrder`, `settings`, `enabled`, `dateCreated`, `dateUpdated`, `uid`) VALUES ('3', '1', 'Updates', '3', NULL, '0', '2015-01-15 18:31:57', '2015-03-17 12:59:49', '236aa367-e133-4839-919f-ba0fe6f6a993');
INSERT INTO `craft_widgets` (`id`, `userId`, `type`, `sortOrder`, `settings`, `enabled`, `dateCreated`, `dateUpdated`, `uid`) VALUES ('4', '1', 'Feed', '4', '{\"url\":\"http:\\/\\/feeds.feedburner.com\\/blogandtonic\",\"title\":\"Blog & Tonic\"}', '0', '2015-01-15 18:31:57', '2015-02-09 13:24:55', '466ad300-d482-42a8-a853-646ebb0ae4a8');
INSERT INTO `craft_widgets` (`id`, `userId`, `type`, `sortOrder`, `settings`, `enabled`, `dateCreated`, `dateUpdated`, `uid`) VALUES ('5', '1', 'QuickPost', '5', '{\"section\":\"3\",\"entryType\":\"\",\"fields\":[\"9\",\"8\",\"3\",\"4\",\"5\",\"6\"]}', '1', '2015-03-17 13:00:23', '2015-03-17 13:00:23', 'bdf9ef28-ef8f-4652-86ad-7fe4b39d9c08');


--
-- Constraints for tables
--


--
-- Constraints for table `craft_assetfiles`
--
ALTER TABLE `craft_assetfiles`
	ADD CONSTRAINT `craft_assetfiles_folderId_fk` FOREIGN KEY (`folderId`) REFERENCES `craft_assetfolders` (`id`) ON DELETE CASCADE,
	ADD CONSTRAINT `craft_assetfiles_id_fk` FOREIGN KEY (`id`) REFERENCES `craft_elements` (`id`) ON DELETE CASCADE,
	ADD CONSTRAINT `craft_assetfiles_sourceId_fk` FOREIGN KEY (`sourceId`) REFERENCES `craft_assetsources` (`id`) ON DELETE CASCADE;

--
-- Constraints for table `craft_assetfolders`
--
ALTER TABLE `craft_assetfolders`
	ADD CONSTRAINT `craft_assetfolders_parentId_fk` FOREIGN KEY (`parentId`) REFERENCES `craft_assetfolders` (`id`) ON DELETE CASCADE,
	ADD CONSTRAINT `craft_assetfolders_sourceId_fk` FOREIGN KEY (`sourceId`) REFERENCES `craft_assetsources` (`id`) ON DELETE CASCADE;

--
-- Constraints for table `craft_assetindexdata`
--
ALTER TABLE `craft_assetindexdata`
	ADD CONSTRAINT `craft_assetindexdata_sourceId_fk` FOREIGN KEY (`sourceId`) REFERENCES `craft_assetsources` (`id`) ON DELETE CASCADE;

--
-- Constraints for table `craft_assetsources`
--
ALTER TABLE `craft_assetsources`
	ADD CONSTRAINT `craft_assetsources_fieldLayoutId_fk` FOREIGN KEY (`fieldLayoutId`) REFERENCES `craft_fieldlayouts` (`id`) ON DELETE SET NULL;

--
-- Constraints for table `craft_categories`
--
ALTER TABLE `craft_categories`
	ADD CONSTRAINT `craft_categories_groupId_fk` FOREIGN KEY (`groupId`) REFERENCES `craft_categorygroups` (`id`) ON DELETE CASCADE,
	ADD CONSTRAINT `craft_categories_id_fk` FOREIGN KEY (`id`) REFERENCES `craft_elements` (`id`) ON DELETE CASCADE;

--
-- Constraints for table `craft_categorygroups`
--
ALTER TABLE `craft_categorygroups`
	ADD CONSTRAINT `craft_categorygroups_fieldLayoutId_fk` FOREIGN KEY (`fieldLayoutId`) REFERENCES `craft_fieldlayouts` (`id`) ON DELETE SET NULL,
	ADD CONSTRAINT `craft_categorygroups_structureId_fk` FOREIGN KEY (`structureId`) REFERENCES `craft_structures` (`id`) ON DELETE CASCADE;

--
-- Constraints for table `craft_categorygroups_i18n`
--
ALTER TABLE `craft_categorygroups_i18n`
	ADD CONSTRAINT `craft_categorygroups_i18n_groupId_fk` FOREIGN KEY (`groupId`) REFERENCES `craft_categorygroups` (`id`) ON DELETE CASCADE,
	ADD CONSTRAINT `craft_categorygroups_i18n_locale_fk` FOREIGN KEY (`locale`) REFERENCES `craft_locales` (`locale`) ON DELETE CASCADE ON UPDATE CASCADE;

--
-- Constraints for table `craft_content`
--
ALTER TABLE `craft_content`
	ADD CONSTRAINT `craft_content_elementId_fk` FOREIGN KEY (`elementId`) REFERENCES `craft_elements` (`id`) ON DELETE CASCADE,
	ADD CONSTRAINT `craft_content_locale_fk` FOREIGN KEY (`locale`) REFERENCES `craft_locales` (`locale`) ON DELETE CASCADE ON UPDATE CASCADE;

--
-- Constraints for table `craft_elements_i18n`
--
ALTER TABLE `craft_elements_i18n`
	ADD CONSTRAINT `craft_elements_i18n_elementId_fk` FOREIGN KEY (`elementId`) REFERENCES `craft_elements` (`id`) ON DELETE CASCADE,
	ADD CONSTRAINT `craft_elements_i18n_locale_fk` FOREIGN KEY (`locale`) REFERENCES `craft_locales` (`locale`) ON DELETE CASCADE ON UPDATE CASCADE;

--
-- Constraints for table `craft_emailmessages`
--
ALTER TABLE `craft_emailmessages`
	ADD CONSTRAINT `craft_emailmessages_locale_fk` FOREIGN KEY (`locale`) REFERENCES `craft_locales` (`locale`) ON DELETE CASCADE ON UPDATE CASCADE;

--
-- Constraints for table `craft_entries`
--
ALTER TABLE `craft_entries`
	ADD CONSTRAINT `craft_entries_authorId_fk` FOREIGN KEY (`authorId`) REFERENCES `craft_users` (`id`) ON DELETE CASCADE,
	ADD CONSTRAINT `craft_entries_id_fk` FOREIGN KEY (`id`) REFERENCES `craft_elements` (`id`) ON DELETE CASCADE,
	ADD CONSTRAINT `craft_entries_sectionId_fk` FOREIGN KEY (`sectionId`) REFERENCES `craft_sections` (`id`) ON DELETE CASCADE,
	ADD CONSTRAINT `craft_entries_typeId_fk` FOREIGN KEY (`typeId`) REFERENCES `craft_entrytypes` (`id`) ON DELETE CASCADE;

--
-- Constraints for table `craft_entrydrafts`
--
ALTER TABLE `craft_entrydrafts`
	ADD CONSTRAINT `craft_entrydrafts_creatorId_fk` FOREIGN KEY (`creatorId`) REFERENCES `craft_users` (`id`) ON DELETE CASCADE,
	ADD CONSTRAINT `craft_entrydrafts_entryId_fk` FOREIGN KEY (`entryId`) REFERENCES `craft_entries` (`id`) ON DELETE CASCADE,
	ADD CONSTRAINT `craft_entrydrafts_locale_fk` FOREIGN KEY (`locale`) REFERENCES `craft_locales` (`locale`) ON DELETE CASCADE ON UPDATE CASCADE,
	ADD CONSTRAINT `craft_entrydrafts_sectionId_fk` FOREIGN KEY (`sectionId`) REFERENCES `craft_sections` (`id`) ON DELETE CASCADE;

--
-- Constraints for table `craft_entrytypes`
--
ALTER TABLE `craft_entrytypes`
	ADD CONSTRAINT `craft_entrytypes_fieldLayoutId_fk` FOREIGN KEY (`fieldLayoutId`) REFERENCES `craft_fieldlayouts` (`id`) ON DELETE SET NULL,
	ADD CONSTRAINT `craft_entrytypes_sectionId_fk` FOREIGN KEY (`sectionId`) REFERENCES `craft_sections` (`id`) ON DELETE CASCADE;

--
-- Constraints for table `craft_entryversions`
--
ALTER TABLE `craft_entryversions`
	ADD CONSTRAINT `craft_entryversions_creatorId_fk` FOREIGN KEY (`creatorId`) REFERENCES `craft_users` (`id`) ON DELETE SET NULL,
	ADD CONSTRAINT `craft_entryversions_entryId_fk` FOREIGN KEY (`entryId`) REFERENCES `craft_entries` (`id`) ON DELETE CASCADE,
	ADD CONSTRAINT `craft_entryversions_locale_fk` FOREIGN KEY (`locale`) REFERENCES `craft_locales` (`locale`) ON DELETE CASCADE ON UPDATE CASCADE,
	ADD CONSTRAINT `craft_entryversions_sectionId_fk` FOREIGN KEY (`sectionId`) REFERENCES `craft_sections` (`id`) ON DELETE CASCADE;

--
-- Constraints for table `craft_fieldlayoutfields`
--
ALTER TABLE `craft_fieldlayoutfields`
	ADD CONSTRAINT `craft_fieldlayoutfields_fieldId_fk` FOREIGN KEY (`fieldId`) REFERENCES `craft_fields` (`id`) ON DELETE CASCADE,
	ADD CONSTRAINT `craft_fieldlayoutfields_layoutId_fk` FOREIGN KEY (`layoutId`) REFERENCES `craft_fieldlayouts` (`id`) ON DELETE CASCADE,
	ADD CONSTRAINT `craft_fieldlayoutfields_tabId_fk` FOREIGN KEY (`tabId`) REFERENCES `craft_fieldlayouttabs` (`id`) ON DELETE CASCADE;

--
-- Constraints for table `craft_fieldlayouttabs`
--
ALTER TABLE `craft_fieldlayouttabs`
	ADD CONSTRAINT `craft_fieldlayouttabs_layoutId_fk` FOREIGN KEY (`layoutId`) REFERENCES `craft_fieldlayouts` (`id`) ON DELETE CASCADE;

--
-- Constraints for table `craft_fields`
--
ALTER TABLE `craft_fields`
	ADD CONSTRAINT `craft_fields_groupId_fk` FOREIGN KEY (`groupId`) REFERENCES `craft_fieldgroups` (`id`) ON DELETE CASCADE;

--
-- Constraints for table `craft_globalsets`
--
ALTER TABLE `craft_globalsets`
	ADD CONSTRAINT `craft_globalsets_fieldLayoutId_fk` FOREIGN KEY (`fieldLayoutId`) REFERENCES `craft_fieldlayouts` (`id`) ON DELETE SET NULL,
	ADD CONSTRAINT `craft_globalsets_id_fk` FOREIGN KEY (`id`) REFERENCES `craft_elements` (`id`) ON DELETE CASCADE;

--
-- Constraints for table `craft_matrixblocks`
--
ALTER TABLE `craft_matrixblocks`
	ADD CONSTRAINT `craft_matrixblocks_fieldId_fk` FOREIGN KEY (`fieldId`) REFERENCES `craft_fields` (`id`) ON DELETE CASCADE,
	ADD CONSTRAINT `craft_matrixblocks_id_fk` FOREIGN KEY (`id`) REFERENCES `craft_elements` (`id`) ON DELETE CASCADE,
	ADD CONSTRAINT `craft_matrixblocks_ownerId_fk` FOREIGN KEY (`ownerId`) REFERENCES `craft_elements` (`id`) ON DELETE CASCADE,
	ADD CONSTRAINT `craft_matrixblocks_ownerLocale_fk` FOREIGN KEY (`ownerLocale`) REFERENCES `craft_locales` (`locale`) ON DELETE CASCADE ON UPDATE CASCADE,
	ADD CONSTRAINT `craft_matrixblocks_typeId_fk` FOREIGN KEY (`typeId`) REFERENCES `craft_matrixblocktypes` (`id`) ON DELETE CASCADE;

--
-- Constraints for table `craft_matrixblocktypes`
--
ALTER TABLE `craft_matrixblocktypes`
	ADD CONSTRAINT `craft_matrixblocktypes_fieldId_fk` FOREIGN KEY (`fieldId`) REFERENCES `craft_fields` (`id`) ON DELETE CASCADE,
	ADD CONSTRAINT `craft_matrixblocktypes_fieldLayoutId_fk` FOREIGN KEY (`fieldLayoutId`) REFERENCES `craft_fieldlayouts` (`id`) ON DELETE SET NULL;

--
-- Constraints for table `craft_migrations`
--
ALTER TABLE `craft_migrations`
	ADD CONSTRAINT `craft_migrations_pluginId_fk` FOREIGN KEY (`pluginId`) REFERENCES `craft_plugins` (`id`) ON DELETE CASCADE;

--
-- Constraints for table `craft_relations`
--
ALTER TABLE `craft_relations`
	ADD CONSTRAINT `craft_relations_fieldId_fk` FOREIGN KEY (`fieldId`) REFERENCES `craft_fields` (`id`) ON DELETE CASCADE,
	ADD CONSTRAINT `craft_relations_sourceId_fk` FOREIGN KEY (`sourceId`) REFERENCES `craft_elements` (`id`) ON DELETE CASCADE,
	ADD CONSTRAINT `craft_relations_sourceLocale_fk` FOREIGN KEY (`sourceLocale`) REFERENCES `craft_locales` (`locale`) ON DELETE CASCADE ON UPDATE CASCADE,
	ADD CONSTRAINT `craft_relations_targetId_fk` FOREIGN KEY (`targetId`) REFERENCES `craft_elements` (`id`) ON DELETE CASCADE;

--
-- Constraints for table `craft_routes`
--
ALTER TABLE `craft_routes`
	ADD CONSTRAINT `craft_routes_locale_fk` FOREIGN KEY (`locale`) REFERENCES `craft_locales` (`locale`) ON DELETE CASCADE ON UPDATE CASCADE;

--
-- Constraints for table `craft_sections`
--
ALTER TABLE `craft_sections`
	ADD CONSTRAINT `craft_sections_structureId_fk` FOREIGN KEY (`structureId`) REFERENCES `craft_structures` (`id`) ON DELETE SET NULL;

--
-- Constraints for table `craft_sections_i18n`
--
ALTER TABLE `craft_sections_i18n`
	ADD CONSTRAINT `craft_sections_i18n_locale_fk` FOREIGN KEY (`locale`) REFERENCES `craft_locales` (`locale`) ON DELETE CASCADE ON UPDATE CASCADE,
	ADD CONSTRAINT `craft_sections_i18n_sectionId_fk` FOREIGN KEY (`sectionId`) REFERENCES `craft_sections` (`id`) ON DELETE CASCADE;

--
-- Constraints for table `craft_sessions`
--
ALTER TABLE `craft_sessions`
	ADD CONSTRAINT `craft_sessions_userId_fk` FOREIGN KEY (`userId`) REFERENCES `craft_users` (`id`) ON DELETE CASCADE;

--
-- Constraints for table `craft_shunnedmessages`
--
ALTER TABLE `craft_shunnedmessages`
	ADD CONSTRAINT `craft_shunnedmessages_userId_fk` FOREIGN KEY (`userId`) REFERENCES `craft_users` (`id`) ON DELETE CASCADE;

--
-- Constraints for table `craft_structureelements`
--
ALTER TABLE `craft_structureelements`
	ADD CONSTRAINT `craft_structureelements_elementId_fk` FOREIGN KEY (`elementId`) REFERENCES `craft_elements` (`id`) ON DELETE CASCADE,
	ADD CONSTRAINT `craft_structureelements_structureId_fk` FOREIGN KEY (`structureId`) REFERENCES `craft_structures` (`id`) ON DELETE CASCADE;

--
-- Constraints for table `craft_taggroups`
--
ALTER TABLE `craft_taggroups`
	ADD CONSTRAINT `craft_taggroups_fieldLayoutId_fk` FOREIGN KEY (`fieldLayoutId`) REFERENCES `craft_fieldlayouts` (`id`) ON DELETE SET NULL;

--
-- Constraints for table `craft_tags`
--
ALTER TABLE `craft_tags`
	ADD CONSTRAINT `craft_tags_groupId_fk` FOREIGN KEY (`groupId`) REFERENCES `craft_taggroups` (`id`) ON DELETE CASCADE,
	ADD CONSTRAINT `craft_tags_id_fk` FOREIGN KEY (`id`) REFERENCES `craft_elements` (`id`) ON DELETE CASCADE;

--
-- Constraints for table `craft_templatecachecriteria`
--
ALTER TABLE `craft_templatecachecriteria`
	ADD CONSTRAINT `craft_templatecachecriteria_cacheId_fk` FOREIGN KEY (`cacheId`) REFERENCES `craft_templatecaches` (`id`) ON DELETE CASCADE;

--
-- Constraints for table `craft_templatecacheelements`
--
ALTER TABLE `craft_templatecacheelements`
	ADD CONSTRAINT `craft_templatecacheelements_cacheId_fk` FOREIGN KEY (`cacheId`) REFERENCES `craft_templatecaches` (`id`) ON DELETE CASCADE,
	ADD CONSTRAINT `craft_templatecacheelements_elementId_fk` FOREIGN KEY (`elementId`) REFERENCES `craft_elements` (`id`) ON DELETE CASCADE;

--
-- Constraints for table `craft_templatecaches`
--
ALTER TABLE `craft_templatecaches`
	ADD CONSTRAINT `craft_templatecaches_locale_fk` FOREIGN KEY (`locale`) REFERENCES `craft_locales` (`locale`) ON DELETE CASCADE ON UPDATE CASCADE;

--
-- Constraints for table `craft_usergroups_users`
--
ALTER TABLE `craft_usergroups_users`
	ADD CONSTRAINT `craft_usergroups_users_groupId_fk` FOREIGN KEY (`groupId`) REFERENCES `craft_usergroups` (`id`) ON DELETE CASCADE,
	ADD CONSTRAINT `craft_usergroups_users_userId_fk` FOREIGN KEY (`userId`) REFERENCES `craft_users` (`id`) ON DELETE CASCADE;

--
-- Constraints for table `craft_userpermissions_usergroups`
--
ALTER TABLE `craft_userpermissions_usergroups`
	ADD CONSTRAINT `craft_userpermissions_usergroups_groupId_fk` FOREIGN KEY (`groupId`) REFERENCES `craft_usergroups` (`id`) ON DELETE CASCADE,
	ADD CONSTRAINT `craft_userpermissions_usergroups_permissionId_fk` FOREIGN KEY (`permissionId`) REFERENCES `craft_userpermissions` (`id`) ON DELETE CASCADE;

--
-- Constraints for table `craft_userpermissions_users`
--
ALTER TABLE `craft_userpermissions_users`
	ADD CONSTRAINT `craft_userpermissions_users_permissionId_fk` FOREIGN KEY (`permissionId`) REFERENCES `craft_userpermissions` (`id`) ON DELETE CASCADE,
	ADD CONSTRAINT `craft_userpermissions_users_userId_fk` FOREIGN KEY (`userId`) REFERENCES `craft_users` (`id`) ON DELETE CASCADE;

--
-- Constraints for table `craft_users`
--
ALTER TABLE `craft_users`
	ADD CONSTRAINT `craft_users_id_fk` FOREIGN KEY (`id`) REFERENCES `craft_elements` (`id`) ON DELETE CASCADE,
	ADD CONSTRAINT `craft_users_preferredLocale_fk` FOREIGN KEY (`preferredLocale`) REFERENCES `craft_locales` (`locale`) ON DELETE SET NULL ON UPDATE CASCADE;

--
-- Constraints for table `craft_widgets`
--
ALTER TABLE `craft_widgets`
	ADD CONSTRAINT `craft_widgets_userId_fk` FOREIGN KEY (`userId`) REFERENCES `craft_users` (`id`) ON DELETE CASCADE;

SET FOREIGN_KEY_CHECKS = 1;
